life_expectancy,mean_years_schooling,expected_years_schooling,gni_per_capita,hdi_score,hdi_category
67.8,8.9,15.3,8444.0,0.7093,High
66.1,7.9,11.9,2599.0,0.5929,Medium
64.3,7.5,14.4,36947.0,0.7344,High
57.9,5.9,10.6,1230.0,0.4766,Low
80.3,12.5,17.9,41181.0,0.9167,Very High
51.1,3.6,10.4,1462.0,0.429,Low
76.5,9.4,16.6,15921.0,0.8022,Very High
57.5,5.2,13.0,2620.0,0.5338,Low
67.5,5.0,12.4,2543.0,0.568,Medium
66.5,10.0,12.2,24579.0,0.7362,High
79.6,11.8,16.3,32694.0,0.879,Very High
53.0,4.8,5.3,1605.0,0.4025,Low
68.0,8.5,12.4,18774.0,0.7162,High
64.9,7.9,12.0,5747.0,0.632,Medium
55.2,3.7,9.8,2168.0,0.4628,Low
73.6,7.6,13.2,23671.0,0.7503,High
50.6,3.7,10.8,1511.0,0.4339,Low
63.2,8.9,11.2,8314.0,0.6462,Medium
57.1,6.3,9.9,2325.0,0.5092,Low
59.2,6.7,9.3,7164.0,0.5728,Medium
62.8,3.8,13.0,2768.0,0.5448,Low
74.5,9.7,17.1,21066.0,0.8144,Very High
58.6,2.5,8.4,2565.0,0.4526,Low
69.9,6.4,10.8,4480.0,0.6099,Medium
62.7,4.3,10.2,2217.0,0.5083,Low
57.9,5.2,11.4,2636.0,0.5206,Low
73.3,9.2,12.4,15417.0,0.7403,High
58.6,5.5,13.5,1423.0,0.5108,Low
64.8,4.9,13.6,4153.0,0.5937,Medium
61.1,6.4,9.5,8072.0,0.5844,Medium
54.9,4.8,7.0,1743.0,0.4342,Low
63.6,6.6,11.2,5959.0,0.6038,Medium
67.6,7.9,11.3,2872.0,0.5982,Medium
47.4,1.0,6.9,999.0,0.3208,Low
56.7,2.8,7.7,1005.0,0.3928,Low
57.8,8.7,10.6,1575.0,0.5216,Low
67.4,6.3,14.4,4334.0,0.632,Medium
83.2,12.3,20.4,98517.0,0.9833,Very High
67.2,8.3,11.2,4394.0,0.6249,Medium
50.4,2.7,5.6,1457.0,0.3592,Low
49.7,4.9,7.2,1343.0,0.4018,Low
59.6,4.9,9.7,1614.0,0.4804,Low
79.6,8.8,19.9,37522.0,0.8855,Very High
52.7,2.1,8.1,1510.0,0.3933,Low
64.7,5.0,11.4,2807.0,0.5514,Medium
68.8,5.5,13.5,13170.0,0.6761,Medium
56.3,4.3,9.4,1568.0,0.4553,Low
75.3,10.5,16.6,16058.0,0.8097,Very High
73.2,8.7,13.9,18463.0,0.7576,High
55.0,2.9,9.2,1613.0,0.4294,Low
71.0,9.7,15.6,7498.0,0.7294,High
74.3,7.4,12.3,16075.0,0.7236,High
60.8,6.8,11.4,4490.0,0.5813,Medium
54.6,2.3,9.5,761.0,0.382,Low
77.1,9.1,14.1,54959.0,0.8348,Very High
57.0,3.3,5.9,746.0,0.361,Low
58.6,6.5,8.3,6010.0,0.5474,Low
72.7,7.1,13.3,8415.0,0.6906,Medium
74.2,8.0,15.1,11589.0,0.7442,High
76.0,10.8,15.5,29980.0,0.8374,Very High
58.3,5.0,12.0,1287.0,0.4842,Low
73.7,8.7,17.0,7727.0,0.7456,High
65.9,6.4,12.7,5263.0,0.6216,Medium
61.8,8.3,11.4,6559.0,0.622,Medium
62.0,4.7,11.1,8100.0,0.5846,Medium
78.3,10.5,17.2,11368.0,0.8098,Very High
54.0,2.4,8.7,1296.0,0.403,Low
53.7,4.7,8.7,928.0,0.4118,Low
77.7,11.2,15.7,25616.0,0.8444,Very High
69.9,9.4,12.8,15697.0,0.7314,High
74.8,10.4,14.6,24802.0,0.8095,Very High
72.2,10.3,15.5,16358.0,0.7831,High
61.0,6.6,8.1,5218.0,0.5523,Medium
70.9,10.4,15.2,30151.0,0.8034,Very High
65.8,8.5,13.5,6501.0,0.6637,Medium
61.9,5.2,10.1,1721.0,0.5013,Low
63.8,4.4,13.3,4215.0,0.5802,Medium
56.9,6.5,11.0,2637.0,0.5273,Low
79.2,10.0,17.4,24372.0,0.8521,Very High
78.8,11.6,16.7,50191.0,0.8983,Very High
80.3,10.4,17.7,86485.0,0.9194,Very High
58.7,4.6,6.9,1119.0,0.4208,Low
67.2,8.7,12.3,18208.0,0.7119,High
80.2,11.4,18.3,19371.0,0.8685,Very High
57.7,2.6,8.7,2238.0,0.4469,Low
69.8,8.3,13.8,6858.0,0.6856,Medium
58.4,4.6,6.9,1582.0,0.4394,Low
61.5,8.5,14.4,13168.0,0.6845,Medium
61.1,6.2,10.6,3609.0,0.5553,Medium
64.6,6.2,8.3,3735.0,0.5472,Low
75.5,6.7,16.4,5577.0,0.7062,High
61.7,8.2,13.5,12715.0,0.6728,Medium
69.1,7.7,11.8,15328.0,0.6951,Medium
65.8,7.8,14.3,6744.0,0.6652,Medium
51.8,1.2,8.9,1631.0,0.3902,Low
67.6,8.9,12.5,6110.0,0.664,Medium
68.1,9.9,14.8,9060.0,0.7206,High
72.8,8.8,14.2,10111.0,0.7302,High
77.0,10.0,15.4,9249.0,0.7704,High
71.7,7.0,15.6,6837.0,0.6964,Medium
60.0,5.3,8.3,1881.0,0.48,Low
65.2,5.6,10.8,17029.0,0.6396,Medium
61.9,6.9,10.6,1729.0,0.5262,Low
68.2,9.5,14.9,6368.0,0.6981,Medium
66.5,8.4,13.4,8277.0,0.6777,Medium
73.4,9.0,14.8,16701.0,0.7678,High
59.8,6.8,9.4,4628.0,0.5562,Medium
68.6,6.1,14.0,5061.0,0.6412,Medium
59.7,4.8,9.0,2260.0,0.4902,Low
79.1,11.3,16.6,90291.0,0.9136,Very High
76.6,10.5,17.4,18022.0,0.8293,Very High
51.1,3.3,7.5,925.0,0.3718,Low
59.1,3.8,8.5,2477.0,0.4737,Low
53.5,2.6,9.5,2124.0,0.4368,Low
50.7,0.5,8.0,532.0,0.3062,Low
75.2,11.0,14.8,11594.0,0.78,High
66.6,6.7,15.8,37813.0,0.752,High
72.7,8.1,15.1,12040.0,0.7401,High
68.5,9.9,12.9,19666.0,0.7424,High
68.8,7.6,10.4,10317.0,0.6586,Medium
80.5,12.3,17.7,28967.0,0.8954,Very High
61.4,7.0,12.2,5407.0,0.6035,Medium
58.7,3.6,9.9,2409.0,0.4831,Low
71.2,6.9,13.7,12939.0,0.7072,High
66.2,6.0,11.6,4762.0,0.6005,Medium
54.0,1.4,6.0,395.0,0.2848,Low
59.8,6.0,5.6,2205.0,0.467,Low
76.8,9.0,12.8,13875.0,0.7537,High
80.5,10.8,21.0,26830.0,0.9054,Very High
62.7,5.9,12.7,4921.0,0.5967,Medium
55.3,4.8,7.9,2086.0,0.4551,Low
77.6,10.1,14.7,29058.0,0.8277,Very High
60.1,4.3,9.2,788.0,0.4249,Low
48.1,4.2,8.5,339.0,0.311,Low
68.4,9.6,17.5,9469.0,0.7446,High
63.6,7.8,13.0,19072.0,0.6916,Medium
68.9,7.2,13.3,5251.0,0.6496,Medium
70.1,8.8,16.0,17056.0,0.7617,High
73.7,8.9,13.7,29748.0,0.7837,High
64.5,7.4,13.6,10330.0,0.6691,Medium
62.5,6.6,11.4,6458.0,0.6039,Medium
54.5,2.4,10.0,1427.0,0.4237,Low
49.6,1.7,3.6,1305.0,0.3022,Low
70.5,8.5,13.2,21383.0,0.7422,High
68.1,8.7,10.9,8822.0,0.6668,Medium
52.9,3.6,10.4,1950.0,0.453,Low
48.6,1.0,5.9,1151.0,0.3174,Low
66.4,7.1,9.1,1987.0,0.5407,Low
74.2,9.1,11.9,24087.0,0.7592,High
63.4,6.7,14.7,7667.0,0.6521,Medium
56.7,2.2,7.3,1395.0,0.396,Low
57.4,4.9,10.2,5861.0,0.5407,Low
54.2,4.2,11.2,2901.0,0.4941,Low
50.6,4.6,7.8,408.0,0.3328,Low
85.5,10.4,16.8,26329.0,0.8815,Very High
56.1,5.9,8.2,3552.0,0.5037,Low
71.4,7.8,16.4,9000.0,0.7268,High
60.9,5.8,9.9,5402.0,0.5614,Medium
70.5,10.5,14.8,11973.0,0.7538,High
76.1,9.4,11.0,29014.0,0.7709,High
65.8,6.8,14.4,4784.0,0.636,Medium
74.3,10.2,11.4,8226.0,0.7154,High
71.2,9.3,13.4,20278.0,0.7554,High
74.8,9.6,17.0,13618.0,0.7916,High
58.2,2.3,4.6,640.0,0.322,Low
54.8,4.5,8.5,2026.0,0.4541,Low
86.4,11.7,18.0,26476.0,0.9082,Very High
47.1,2.6,6.3,1382.0,0.3506,Low
57.0,4.5,9.5,1926.0,0.4715,Low
64.3,9.4,13.3,5562.0,0.6557,Medium
67.9,7.6,11.5,17114.0,0.6905,Medium
72.1,9.9,15.7,36945.0,0.819,Very High
75.0,9.9,14.2,12417.0,0.7638,High
82.0,10.2,16.0,78305.0,0.9088,Very High
55.7,4.5,12.2,5707.0,0.5474,Low
44.9,1.2,7.8,635.0,0.3014,Low
72.1,10.1,18.6,38758.0,0.8507,Very High
61.5,6.5,11.0,6013.0,0.5918,Medium
53.7,6.4,11.4,899.0,0.4495,Low
75.8,8.7,15.1,31634.0,0.8091,Very High
62.4,3.2,8.8,1461.0,0.4538,Low
57.4,4.8,8.8,1495.0,0.4559,Low
69.0,7.7,12.0,7728.0,0.6644,Medium
72.4,8.9,14.6,15448.0,0.756,High
61.0,6.4,12.3,2445.0,0.5526,Medium
70.7,8.9,16.6,27658.0,0.794,High
55.6,3.0,10.8,1171.0,0.434,Low
79.2,10.7,12.9,35661.0,0.8332,Very High
78.5,10.9,14.6,49983.0,0.8662,Very High
69.5,8.6,9.3,4978.0,0.6252,Medium
66.5,6.8,12.2,18115.0,0.6828,Medium
57.4,5.5,7.6,1776.0,0.4625,Low
86.3,11.8,17.4,52804.0,0.9399,Very High
56.3,5.6,8.0,1790.0,0.4635,Low
64.6,6.2,11.4,2354.0,0.5563,Medium
72.7,10.2,16.0,15961.0,0.787,High
59.6,5.3,8.0,817.0,0.4255,Low
64.4,8.1,12.6,6358.0,0.6426,Medium
51.5,7.3,7.7,539.0,0.3829,Low
72.7,9.7,16.0,8227.0,0.7463,High
71.9,11.4,16.0,36696.0,0.8373,Very High
55.6,5.3,7.8,2961.0,0.4793,Low
46.5,3.1,7.1,427.0,0.2993,Low
42.2,1.3,3.0,647.0,0.2312,Low
58.0,5.2,11.3,1834.0,0.5009,Low
64.2,7.9,13.1,4051.0,0.6205,Medium
84.5,13.2,16.1,41980.0,0.9298,Very High
63.9,6.0,11.3,5589.0,0.5949,Medium
71.3,5.4,11.3,6949.0,0.6294,Medium
71.0,11.4,13.2,19127.0,0.775,High
71.3,7.1,10.7,15448.0,0.685,Medium
63.5,3.6,8.2,5818.0,0.5222,Low
59.0,2.8,5.6,1619.0,0.3969,Low
71.9,11.9,14.7,15762.0,0.7891,High
68.4,10.4,14.6,22750.0,0.7713,High
45.9,2.1,9.3,887.0,0.3503,Low
72.7,6.8,14.2,10319.0,0.7066,High
58.5,5.4,8.9,4116.0,0.5221,Low
73.6,11.6,15.8,42825.0,0.8548,Very High
51.1,3.5,10.0,1463.0,0.4249,Low
74.5,8.8,14.5,9831.0,0.7393,High
79.1,12.9,17.6,36304.0,0.9064,Very High
54.3,5.5,9.4,2218.0,0.4784,Low
66.0,6.3,11.5,6524.0,0.6185,Medium
68.5,8.5,13.0,16069.0,0.7165,High
72.1,4.9,12.0,14515.0,0.6695,Medium
54.6,3.4,8.8,1399.0,0.4231,Low
50.6,6.0,8.9,1763.0,0.4505,Low
79.1,8.3,15.6,39464.0,0.8357,Very High
67.5,4.3,14.3,5848.0,0.6247,Medium
76.2,10.4,17.2,20661.0,0.8306,Very High
71.3,9.5,13.5,22540.0,0.7645,High
62.1,6.1,11.1,2838.0,0.5509,Medium
55.5,7.1,13.4,889.0,0.4791,Low
52.4,3.7,7.9,714.0,0.3701,Low
56.4,1.8,9.1,1166.0,0.4032,Low
65.4,6.3,11.6,4423.0,0.5974,Medium
60.6,4.7,11.6,2345.0,0.5228,Low
66.0,6.2,11.2,6078.0,0.6099,Medium
73.9,11.1,13.3,19984.0,0.7887,High
67.4,8.0,13.1,3245.0,0.623,Medium
71.9,8.7,13.1,60621.0,0.7961,High
66.0,8.0,11.9,3357.0,0.6071,Medium
61.3,5.7,14.4,3630.0,0.5879,Medium
59.0,3.6,11.8,6412.0,0.5536,Medium
58.8,3.9,8.7,2143.0,0.4684,Low
78.2,11.6,17.1,65914.0,0.912,Very High
60.2,6.4,9.4,2538.0,0.5227,Low
72.5,10.2,13.5,5644.0,0.7061,High
56.6,5.5,8.0,3201.0,0.4923,Low
77.0,12.6,17.8,7021.0,0.8009,Very High
55.6,4.2,8.1,1552.0,0.4365,Low
54.1,5.5,7.5,3352.0,0.4774,Low
72.6,10.5,15.0,4322.0,0.7064,High
65.6,8.1,15.5,5596.0,0.6688,Medium
58.9,6.7,8.9,1193.0,0.4729,Low
73.1,7.9,15.2,11618.0,0.7377,High
62.3,3.6,12.1,13529.0,0.6032,Medium
62.8,6.4,11.0,3361.0,0.5662,Medium
54.9,6.2,11.9,2819.0,0.5258,Low
71.0,9.1,15.2,5073.0,0.6961,Medium
63.8,7.2,14.2,6566.0,0.6466,Medium
66.5,8.7,13.9,9709.0,0.6933,Medium
71.0,8.0,10.9,6037.0,0.6515,Medium
63.6,7.2,12.2,5442.0,0.6175,Medium
55.8,3.7,9.0,3178.0,0.4743,Low
79.1,9.6,18.9,15985.0,0.8379,Very High
55.5,4.1,7.0,1131.0,0.4048,Low
46.9,2.8,5.0,653.0,0.3004,Low
77.8,9.9,15.5,6771.0,0.7551,High
61.9,5.4,9.5,2109.0,0.5095,Low
78.5,11.6,14.5,35167.0,0.8564,Very High
73.2,9.0,14.9,3598.0,0.681,Medium
65.2,5.8,13.6,1824.0,0.5577,Medium
70.2,10.2,15.6,66181.0,0.8368,Very High
81.2,8.8,14.6,14040.0,0.7887,High
73.8,10.0,15.6,39514.0,0.8297,Very High
65.8,6.6,10.8,3991.0,0.5885,Medium
50.1,2.8,9.8,712.0,0.3688,Low
44.2,2.5,4.8,652.0,0.2838,Low
81.3,10.9,15.8,22310.0,0.8515,Very High
64.3,7.4,12.1,4749.0,0.6151,Medium
56.5,4.6,7.3,1793.0,0.4437,Low
68.0,9.9,12.5,8779.0,0.6963,Medium
75.9,9.7,12.8,5791.0,0.7106,High
74.0,8.9,14.9,5918.0,0.7139,High
63.8,6.4,10.5,1737.0,0.5281,Low
79.4,8.0,13.5,6307.0,0.7156,High
51.6,3.8,8.1,3480.0,0.4506,Low
62.8,6.5,10.4,2009.0,0.5329,Low
56.3,5.6,8.8,2800.0,0.4947,Low
66.4,10.1,15.8,10927.0,0.7319,High
59.0,5.5,10.9,2709.0,0.5249,Low
50.3,5.4,5.9,974.0,0.381,Low
72.5,7.7,14.6,3229.0,0.6549,Medium
66.8,9.1,14.2,8094.0,0.693,Medium
52.3,4.7,7.9,1677.0,0.4299,Low
77.7,9.9,12.6,9604.0,0.7471,High
64.6,7.5,12.3,16914.0,0.6799,Medium
63.6,6.1,9.8,4329.0,0.5658,Medium
49.2,1.0,6.9,890.0,0.322,Low
71.7,9.1,14.9,17434.0,0.763,High
66.4,8.5,14.7,2234.0,0.6149,Medium
69.0,8.1,11.3,10655.0,0.6771,Medium
71.6,6.9,17.7,42014.0,0.8048,Very High
47.3,0.5,8.0,1092.0,0.3313,Low
60.9,4.9,11.7,2905.0,0.5388,Low
80.1,10.2,18.8,13342.0,0.8385,Very High
55.9,2.9,8.7,740.0,0.384,Low
67.3,7.8,13.6,2793.0,0.6151,Medium
52.0,4.5,7.7,822.0,0.3854,Low
64.3,10.1,15.1,6229.0,0.6856,Medium
61.1,7.3,13.6,4861.0,0.6136,Medium
69.8,10.0,15.6,12570.0,0.7539,High
65.4,7.5,11.0,3745.0,0.5963,Medium
75.5,10.5,15.6,17891.0,0.806,Very High
77.1,9.7,18.6,24402.0,0.8496,Very High
49.4,4.3,7.9,651.0,0.3586,Low
71.8,10.1,12.8,7540.0,0.7112,High
77.5,10.4,17.2,29988.0,0.8562,Very High
67.3,4.2,10.2,4124.0,0.5578,Medium
81.2,10.6,18.7,29755.0,0.8898,Very High
66.3,5.3,11.5,3676.0,0.5783,Medium
74.9,7.5,14.5,27182.0,0.7755,High
78.2,10.3,17.0,18453.0,0.8314,Very High
60.5,4.1,8.7,2477.0,0.4858,Low
62.1,7.3,11.1,1977.0,0.5445,Low
79.8,8.8,16.5,41239.0,0.8565,Very High
73.0,8.4,17.1,22345.0,0.7951,High
70.1,8.1,10.9,4482.0,0.6331,Medium
76.2,8.4,12.7,20238.0,0.7593,High
66.0,8.3,14.3,4901.0,0.6539,Medium
72.1,8.4,11.9,18637.0,0.728,High
70.0,7.4,10.1,3717.0,0.6057,Medium
60.8,4.7,12.1,2020.0,0.5196,Low
65.6,7.7,14.3,6797.0,0.664,Medium
78.6,10.9,15.6,62088.0,0.8871,Very High
59.7,2.9,7.0,2377.0,0.4394,Low
74.8,10.6,14.3,32042.0,0.8191,Very High
67.3,6.0,11.5,5044.0,0.6066,Medium
72.4,7.3,17.6,8566.0,0.7349,High
70.2,9.9,14.6,37325.0,0.7979,High
68.0,8.5,15.3,14847.0,0.7343,High
62.7,4.9,11.9,2700.0,0.5444,Low
76.5,11.2,18.6,13031.0,0.8285,Very High
71.5,10.0,13.9,28960.0,0.787,High
65.4,8.1,12.9,14502.0,0.6912,Medium
66.3,8.3,12.9,7646.0,0.6662,Medium
64.0,3.3,10.7,1805.0,0.4941,Low
67.9,10.4,16.0,10764.0,0.7445,High
82.4,11.6,19.8,26304.0,0.9106,Very High
55.3,3.2,8.4,2560.0,0.4487,Low
55.1,4.6,9.4,1095.0,0.4328,Low
72.2,9.0,15.4,8948.0,0.7357,High
57.6,4.7,10.3,1844.0,0.4822,Low
63.4,8.9,14.2,5457.0,0.6535,Medium
65.0,4.5,11.6,7647.0,0.5974,Medium
58.1,3.1,9.0,2555.0,0.4662,Low
74.3,7.2,17.5,47305.0,0.8267,Very High
74.6,9.1,14.8,8022.0,0.7362,High
64.6,8.8,14.2,18721.0,0.7196,High
60.7,7.0,11.3,2745.0,0.5553,Medium
68.3,8.4,15.4,9316.0,0.7108,High
45.5,2.6,5.0,787.0,0.3016,Low
54.5,3.4,7.5,2414.0,0.4353,Low
67.9,8.3,8.5,5352.0,0.6106,Medium
58.7,8.2,10.9,6282.0,0.5991,Medium
68.6,7.4,15.2,8904.0,0.6967,Medium
64.3,6.7,12.2,1789.0,0.5509,Medium
58.4,5.1,8.6,2516.0,0.4901,Low
72.2,12.0,18.0,12333.0,0.8078,Very High
60.4,4.9,10.9,6413.0,0.568,Medium
58.9,7.3,13.4,6635.0,0.6153,Medium
80.0,10.0,18.9,28527.0,0.8779,Very High
46.8,4.6,7.7,609.0,0.3458,Low
61.2,7.2,13.8,2752.0,0.5822,Medium
65.3,7.5,12.3,9720.0,0.6584,Medium
60.6,7.0,9.1,4438.0,0.5583,Medium
59.6,4.5,12.2,13111.0,0.6028,Medium
63.4,5.5,12.4,3858.0,0.5789,Medium
61.8,7.4,12.1,2757.0,0.5728,Medium
73.3,9.2,16.6,48447.0,0.8377,Very High
49.0,2.5,8.2,617.0,0.3365,Low
71.4,9.2,12.3,4649.0,0.6674,Medium
62.0,6.8,10.4,3909.0,0.569,Medium
67.3,8.4,12.5,10530.0,0.6856,Medium
71.5,9.4,13.5,9019.0,0.7185,High
56.3,5.4,6.3,2317.0,0.4545,Low
70.3,8.1,13.0,10408.0,0.6998,Medium
53.4,2.8,8.3,701.0,0.3651,Low
55.5,1.8,6.8,2494.0,0.4034,Low
71.7,9.3,12.9,8597.0,0.7105,High
63.2,7.4,10.8,4709.0,0.5961,Medium
78.2,9.3,17.5,19700.0,0.8287,Very High
62.2,7.0,10.7,2581.0,0.5521,Medium
64.1,6.3,14.1,3832.0,0.608,Medium
58.2,8.3,9.4,11347.0,0.6095,Medium
63.3,4.5,9.8,3200.0,0.5272,Low
60.6,6.4,11.9,1305.0,0.5085,Low
53.5,3.4,9.7,1517.0,0.4325,Low
72.3,8.0,15.4,7955.0,0.718,High
70.5,7.2,12.5,16068.0,0.7045,High
71.7,9.4,15.0,19266.0,0.7724,High
69.7,7.7,10.9,2377.0,0.5896,Medium
75.2,9.7,15.0,25520.0,0.8072,Very High
68.5,6.8,11.4,3874.0,0.6077,Medium
65.7,5.2,10.1,3784.0,0.5596,Medium
77.0,11.4,13.5,15044.0,0.7944,High
70.9,9.9,16.6,37583.0,0.8216,Very High
72.4,7.5,14.4,11843.0,0.7235,High
53.6,5.3,9.0,1826.0,0.4585,Low
71.9,8.2,12.4,5965.0,0.6725,Medium
78.2,10.8,16.1,26188.0,0.8468,Very High
72.0,10.1,17.5,11582.0,0.7781,High
77.8,10.4,12.9,14537.0,0.7782,High
70.5,10.3,14.9,16187.0,0.7677,High
56.1,4.8,7.0,1846.0,0.4423,Low
64.6,3.6,13.7,6393.0,0.5996,Medium
78.9,11.2,16.3,16011.0,0.8306,Very High
65.4,10.4,14.9,6375.0,0.6935,Medium
52.7,1.2,3.0,2767.0,0.3147,Low
52.1,3.6,7.3,459.0,0.3314,Low
63.6,8.4,10.6,2992.0,0.5825,Medium
68.0,8.7,15.0,15512.0,0.7353,High
64.2,6.2,10.6,4544.0,0.5811,Medium
64.7,4.6,10.8,1302.0,0.4945,Low
55.9,3.4,11.4,2677.0,0.4902,Low
62.9,8.8,14.6,5130.0,0.6499,Medium
51.7,3.5,8.8,662.0,0.3685,Low
74.4,9.5,15.4,22609.0,0.7999,High
67.0,7.2,12.2,5788.0,0.6361,Medium
68.1,8.8,14.0,7870.0,0.6935,Medium
53.9,4.6,6.1,651.0,0.362,Low
58.2,5.6,10.9,2655.0,0.5223,Low
84.4,11.9,15.8,37309.0,0.9048,Very High
60.8,7.2,11.1,8137.0,0.6113,Medium
69.6,8.7,18.2,20236.0,0.7872,High
61.7,6.3,12.5,5530.0,0.6017,Medium
54.9,6.8,9.0,2956.0,0.5075,Low
81.8,13.0,16.5,78621.0,0.946,Very High
69.1,7.8,13.8,14839.0,0.7162,High
83.0,11.1,18.3,27020.0,0.8965,Very High
58.4,3.0,9.0,2019.0,0.4547,Low
51.5,4.4,7.4,357.0,0.321,Low
80.2,8.5,14.7,25039.0,0.8106,Very High
66.4,7.3,13.3,15299.0,0.6932,Medium
63.8,7.8,12.8,7575.0,0.6464,Medium
67.7,6.9,15.4,23553.0,0.7356,High
61.7,6.0,10.8,3514.0,0.557,Medium
58.0,4.6,9.0,1340.0,0.4528,Low
51.8,3.8,8.6,824.0,0.3843,Low
65.0,6.8,13.4,10867.0,0.6637,Medium
57.1,3.5,10.6,1173.0,0.4428,Low
75.0,10.8,15.5,20192.0,0.8126,Very High
69.3,7.7,14.0,14188.0,0.7167,High
75.5,9.7,13.6,15465.0,0.7697,High
73.7,10.1,14.2,31807.0,0.807,Very High
66.1,7.7,11.7,3889.0,0.6113,Medium
60.2,5.6,8.6,2421.0,0.5032,Low
56.4,3.1,7.1,1935.0,0.4221,Low
66.5,8.7,12.9,4726.0,0.6464,Medium
53.9,3.7,6.7,906.0,0.3775,Low
55.5,5.7,9.0,2880.0,0.4963,Low
56.8,2.7,9.3,1015.0,0.4102,Low
73.9,8.0,13.0,13561.0,0.7273,High
61.1,3.8,9.8,2874.0,0.5038,Low
64.2,6.4,10.0,5432.0,0.5865,Medium
56.2,4.0,7.4,3660.0,0.4695,Low
56.9,5.3,12.0,3362.0,0.5361,Low
71.4,9.9,15.2,7202.0,0.7268,High
50.1,3.7,10.5,782.0,0.3907,Low
71.4,10.4,13.2,10553.0,0.735,High
73.4,8.9,17.7,21598.0,0.8068,Very High
72.3,8.8,12.9,18045.0,0.7435,High
59.7,3.5,8.5,2018.0,0.461,Low
60.1,6.4,14.8,3319.0,0.5874,Medium
53.7,6.5,7.6,563.0,0.3874,Low
64.0,4.6,13.3,6977.0,0.6097,Medium
68.3,8.6,12.9,7129.0,0.6766,Medium
68.3,9.6,11.9,10897.0,0.6992,Medium
72.6,7.0,11.1,9706.0,0.6709,Medium
57.7,5.8,10.2,1785.0,0.4942,Low
50.7,4.1,7.4,1637.0,0.4088,Low
74.1,10.2,15.5,15881.0,0.7892,High
74.5,7.9,10.8,19758.0,0.722,High
74.6,9.9,16.2,7087.0,0.7506,High
70.3,10.4,12.1,8162.0,0.7054,High
51.7,2.9,7.2,807.0,0.357,Low
78.6,9.5,13.6,45522.0,0.8333,Very High
62.9,6.5,13.2,6069.0,0.6204,Medium
80.1,8.5,13.5,13540.0,0.7664,High
59.6,4.6,9.9,2730.0,0.5063,Low
86.0,14.3,19.6,95137.0,1.0,Very High
66.7,7.2,12.9,19126.0,0.6983,Medium
62.5,6.0,9.7,3854.0,0.5531,Medium
73.5,9.5,12.1,8240.0,0.7107,High
50.9,4.1,8.8,1261.0,0.4114,Low
51.2,5.7,8.4,1512.0,0.437,Low
70.9,8.2,12.5,14811.0,0.7159,High
63.5,7.2,14.1,10444.0,0.6667,Medium
55.4,3.3,7.2,1457.0,0.4091,Low
77.5,12.0,15.4,36300.0,0.8672,Very High
73.2,8.2,12.1,20511.0,0.7379,High
63.3,9.4,10.6,4271.0,0.6121,Medium
53.0,3.2,6.6,620.0,0.3439,Low
66.6,10.9,14.6,13920.0,0.7439,High
47.9,1.8,9.5,479.0,0.3207,Low
67.3,7.5,12.5,8050.0,0.6606,Medium
59.5,4.3,8.4,1162.0,0.4395,Low
81.8,13.8,18.1,30985.0,0.9263,Very High
64.0,4.9,10.9,5074.0,0.5726,Medium
56.3,6.1,13.2,5089.0,0.5735,Medium
73.6,9.4,13.1,12945.0,0.7438,High
58.6,6.0,8.9,3115.0,0.5158,Low
77.2,9.4,16.8,20953.0,0.8214,Very High
63.6,6.5,10.2,11148.0,0.6209,Medium
50.9,3.3,3.3,554.0,0.2911,Low
50.6,1.1,11.2,892.0,0.3784,Low
73.6,12.0,15.1,18643.0,0.8104,Very High
58.6,7.0,10.4,7595.0,0.5872,Medium
60.4,4.0,12.5,4555.0,0.5559,Medium
63.2,6.1,11.5,4970.0,0.5895,Medium
56.5,2.6,11.0,1714.0,0.4558,Low
59.2,5.3,13.1,7402.0,0.5961,Medium
62.9,5.4,8.7,5265.0,0.5509,Medium
75.8,10.7,20.0,22903.0,0.8625,Very High
67.0,9.1,12.1,4191.0,0.6381,Medium
61.6,5.2,9.3,1705.0,0.4912,Low
64.9,9.8,14.0,7723.0,0.6872,Medium
70.5,7.5,9.5,14656.0,0.6697,Medium
55.0,3.7,7.8,703.0,0.3782,Low
70.8,11.1,13.1,11233.0,0.7424,High
59.6,6.3,8.9,2094.0,0.5039,Low
56.1,4.5,7.5,2220.0,0.4529,Low
65.8,6.2,13.6,3663.0,0.6068,Medium
55.6,5.4,11.9,1770.0,0.4954,Low
53.8,2.1,6.6,700.0,0.3375,Low
81.9,12.1,16.8,38674.0,0.9074,Very High
60.2,4.4,10.9,4971.0,0.5475,Low
59.9,6.5,10.7,5531.0,0.5759,Medium
62.9,5.1,12.9,4368.0,0.5835,Medium
74.2,8.6,14.9,5299.0,0.7053,High
72.9,7.4,14.7,7553.0,0.7043,High
69.1,9.5,11.8,3302.0,0.6363,Medium
43.8,1.4,6.3,525.0,0.273,Low
51.8,2.5,8.1,804.0,0.3624,Low
70.6,7.2,14.1,10031.0,0.6997,Medium
66.3,5.3,11.0,5315.0,0.5899,Medium
63.4,7.4,10.9,13368.0,0.6473,Medium
72.1,9.5,14.0,12787.0,0.7459,High
65.0,9.1,11.9,8839.0,0.668,Medium
73.1,11.0,14.4,6891.0,0.7369,High
64.1,8.9,12.7,5111.0,0.6401,Medium
59.0,7.7,12.2,7024.0,0.6124,Medium
63.0,5.8,9.6,5174.0,0.5665,Medium
66.0,8.0,13.4,4578.0,0.6392,Medium
77.4,6.7,17.9,12922.0,0.776,High
64.2,7.9,13.2,5981.0,0.642,Medium
80.2,11.4,16.5,27889.0,0.8716,Very High
58.2,8.0,12.9,2672.0,0.5669,Medium
81.9,11.0,21.0,15286.0,0.8821,Very High
52.7,4.3,9.4,883.0,0.4066,Low
56.8,4.0,7.3,2854.0,0.459,Low
58.0,2.2,7.5,1125.0,0.3925,Low
52.0,1.5,9.8,1196.0,0.3902,Low
69.9,10.3,10.8,18879.0,0.7312,High
67.5,8.2,13.3,5088.0,0.6537,Medium
69.5,8.5,14.1,8516.0,0.7013,High
63.6,6.5,13.1,3070.0,0.5867,Medium
54.0,3.3,7.5,1359.0,0.4027,Low
61.9,5.1,11.2,2904.0,0.5409,Low
83.6,10.7,16.6,18025.0,0.8561,Very High
57.1,4.8,11.1,1215.0,0.4657,Low
70.1,8.3,12.8,3711.0,0.644,Medium
70.1,7.8,11.9,7158.0,0.6654,Medium
49.9,4.5,5.4,398.0,0.3061,Low
64.4,6.4,11.4,2700.0,0.5652,Medium
69.8,6.9,13.6,10649.0,0.6895,Medium
60.4,6.5,11.4,4562.0,0.5771,Medium
62.2,6.7,9.5,9343.0,0.6015,Medium
75.4,9.0,12.9,5676.0,0.7002,High
51.7,4.1,8.9,1401.0,0.4214,Low
80.7,11.0,15.7,22641.0,0.8501,Very High
77.4,9.8,17.5,27519.0,0.847,Very High
71.1,8.7,15.4,49067.0,0.8077,Very High
44.8,3.1,8.6,300.0,0.2788,Low
58.0,6.8,8.5,1701.0,0.4878,Low
76.7,7.6,17.2,11551.0,0.7709,High
65.6,7.3,15.9,9881.0,0.693,Medium
74.0,7.8,14.3,5658.0,0.693,Medium
63.9,6.8,9.4,6347.0,0.591,Medium
61.1,8.0,14.9,10511.0,0.6717,Medium
63.6,6.0,10.8,7794.0,0.6047,Medium
58.0,7.0,9.4,898.0,0.4583,Low
68.4,6.8,12.8,6977.0,0.6528,Medium
69.3,8.6,11.8,7829.0,0.6745,Medium
55.0,5.5,10.3,2255.0,0.4915,Low
75.7,9.8,15.2,29252.0,0.8195,Very High
68.4,6.0,14.3,8965.0,0.6717,Medium
56.4,4.0,8.5,1663.0,0.4453,Low
71.0,6.7,13.3,8919.0,0.6815,Medium
67.5,5.5,8.4,4384.0,0.5581,Medium
71.9,7.0,15.2,11646.0,0.7213,High
74.4,8.9,17.3,18054.0,0.7997,High
77.1,11.8,17.9,20797.0,0.8577,Very High
69.5,8.7,14.7,10278.0,0.7192,High
83.5,11.2,17.1,37100.0,0.9049,Very High
80.6,11.2,17.8,33157.0,0.8919,Very High
69.9,6.9,12.0,6962.0,0.6523,Medium
81.6,14.1,15.5,84708.0,0.9485,Very High
62.5,6.3,12.2,6905.0,0.6124,Medium
57.5,4.5,10.5,2513.0,0.4989,Low
48.2,4.5,7.1,1515.0,0.3956,Low
73.9,10.5,10.9,35974.0,0.7835,High
70.1,8.3,12.2,10788.0,0.695,Medium
81.2,9.0,16.9,28822.0,0.8529,Very High
74.3,9.7,12.2,10448.0,0.7289,High
57.8,5.6,7.8,844.0,0.4222,Low
54.9,4.6,9.0,2194.0,0.4655,Low
71.1,7.2,13.8,16518.0,0.7228,High
80.9,12.5,18.6,75615.0,0.9559,Very High
86.0,10.4,18.8,19261.0,0.8838,Very High
67.6,8.5,13.9,16934.0,0.7239,High
60.3,6.9,8.8,1312.0,0.4855,Low
54.4,5.9,10.9,3265.0,0.5177,Low
58.1,4.7,6.8,2778.0,0.4664,Low
61.0,6.0,9.6,1355.0,0.4873,Low
82.6,13.9,19.1,58105.0,0.9731,Very High
58.8,6.0,13.4,2159.0,0.5408,Low
52.8,3.8,9.2,3114.0,0.4637,Low
77.7,9.0,16.2,17060.0,0.803,Very High
50.9,4.0,6.6,632.0,0.3474,Low
69.8,9.2,14.2,19762.0,0.7545,High
63.4,7.2,11.2,1307.0,0.5231,Low
65.2,5.4,12.8,8163.0,0.6276,Medium
81.2,10.7,16.0,10646.0,0.81,Very High
54.9,5.0,8.1,747.0,0.4002,Low
57.3,4.0,11.0,1889.0,0.4819,Low
51.2,4.5,5.8,1178.0,0.3819,Low
69.3,9.0,14.2,10564.0,0.719,High
62.3,5.2,10.7,1845.0,0.5135,Low
78.7,10.1,15.6,66157.0,0.8803,Very High
61.7,5.8,5.0,5199.0,0.5028,Low
69.1,11.3,16.2,9170.0,0.7524,High
49.7,3.8,7.7,925.0,0.3746,Low
68.3,6.5,10.7,5836.0,0.6174,Medium
68.0,10.2,15.2,32495.0,0.7899,High
61.5,5.4,10.9,4082.0,0.5571,Medium
56.5,7.6,8.8,6442.0,0.5609,Medium
62.5,5.2,12.2,6886.0,0.5981,Medium
54.3,4.1,8.3,1273.0,0.4209,Low
67.4,9.8,12.2,5984.0,0.6694,Medium
69.3,6.5,11.5,10233.0,0.658,Medium
47.0,1.6,4.0,335.0,0.2318,Low
77.8,9.5,14.4,7115.0,0.7424,High
69.1,5.1,11.1,10872.0,0.6354,Medium
65.8,9.9,12.9,10530.0,0.6991,Medium
60.3,5.7,10.7,2637.0,0.5308,Low
68.2,9.8,15.4,7418.0,0.7144,High
50.3,2.1,7.7,721.0,0.3407,Low
76.6,8.8,16.9,29991.0,0.8297,Very High
66.4,7.3,13.3,8512.0,0.6653,Medium
64.1,5.7,12.7,2148.0,0.5549,Medium
54.1,5.2,13.1,2161.0,0.5072,Low
71.3,7.3,12.4,6600.0,0.6645,Medium
66.4,6.4,14.2,10002.0,0.6708,Medium
54.1,3.8,8.7,1957.0,0.4432,Low
74.5,10.8,16.9,17518.0,0.8156,Very High
66.9,7.1,12.6,24003.0,0.7045,High
62.1,6.6,10.4,7978.0,0.6017,Medium
51.4,2.8,7.0,1673.0,0.389,Low
81.8,9.4,20.3,18548.0,0.8696,Very High
65.2,6.0,11.7,1488.0,0.53,Low
66.6,7.6,9.6,5545.0,0.6093,Medium
65.6,6.5,11.2,5716.0,0.609,Medium
56.2,0.8,6.9,739.0,0.3318,Low
76.9,11.3,15.1,14362.0,0.8062,Very High
65.3,6.2,12.3,2658.0,0.5744,Medium
62.3,3.5,10.1,1650.0,0.4789,Low
68.2,7.7,13.5,6258.0,0.6631,Medium
56.2,4.8,10.3,1953.0,0.4816,Low
63.6,7.5,13.1,3765.0,0.6083,Medium
66.0,9.7,11.7,7413.0,0.668,Medium
51.7,5.9,9.4,5386.0,0.5125,Low
62.3,7.1,12.7,7935.0,0.6327,Medium
78.1,11.5,16.8,45931.0,0.8897,Very High
58.8,3.1,8.7,2633.0,0.4674,Low
54.1,6.3,8.9,1168.0,0.4462,Low
55.0,5.7,9.7,5431.0,0.5306,Low
55.3,5.1,8.5,1692.0,0.4552,Low
80.1,12.8,14.4,78790.0,0.9145,Very High
60.0,3.9,6.7,2099.0,0.446,Low
85.0,11.7,18.1,40923.0,0.9321,Very High
55.4,4.9,8.7,1167.0,0.4336,Low
65.2,4.3,9.6,7046.0,0.5681,Medium
66.8,7.7,14.0,3542.0,0.6306,Medium
69.6,9.8,13.1,10301.0,0.7174,High
72.6,10.5,15.6,12254.0,0.772,High
62.8,5.9,12.0,15469.0,0.6418,Medium
55.3,6.4,11.5,3007.0,0.529,Low
70.2,7.5,14.6,12189.0,0.7159,High
73.4,8.1,14.5,11383.0,0.7344,High
67.5,7.0,11.9,3255.0,0.6012,Medium
75.7,10.8,15.5,26728.0,0.8298,Very High
61.3,7.6,11.5,5628.0,0.6048,Medium
68.1,8.6,12.5,9488.0,0.6852,Medium
70.5,7.2,15.2,16057.0,0.734,High
74.2,10.1,18.6,22810.0,0.8357,Very High
52.6,3.6,10.0,1277.0,0.4249,Low
65.6,4.8,10.6,1733.0,0.5153,Low
75.6,8.6,16.8,37045.0,0.8317,Very High
76.1,10.2,15.6,17233.0,0.8031,Very High
70.5,10.7,13.2,43737.0,0.8021,Very High
56.5,5.7,7.8,1161.0,0.4397,Low
65.3,5.8,14.9,17453.0,0.6918,Medium
54.1,2.9,6.3,607.0,0.3386,Low
58.2,2.4,9.0,1055.0,0.41,Low
71.2,8.7,14.2,26484.0,0.7691,High
77.3,10.9,19.4,67352.0,0.9207,Very High
72.1,9.0,13.1,14997.0,0.7387,High
63.3,7.6,12.1,2043.0,0.563,Medium
62.1,6.2,9.8,2032.0,0.5201,Low
48.3,3.0,7.3,403.0,0.3029,Low
77.1,10.7,17.8,21280.0,0.8461,Very High
68.7,11.1,16.5,17418.0,0.7858,High
59.1,5.8,10.4,727.0,0.4426,Low
70.4,7.7,13.8,14723.0,0.7194,High
55.4,2.8,8.6,1542.0,0.4207,Low
67.4,6.6,13.5,14691.0,0.69,Medium
62.1,8.0,14.3,9473.0,0.6661,Medium
66.6,7.8,11.3,3365.0,0.6023,Medium
63.4,8.8,15.3,13124.0,0.7068,High
52.2,3.7,10.5,3748.0,0.4837,Low
72.7,9.6,17.4,62669.0,0.8586,Very High
68.3,8.7,14.1,33305.0,0.7636,High
63.3,6.4,8.4,4378.0,0.5542,Medium
57.4,3.7,9.7,2145.0,0.4715,Low
73.4,12.3,15.9,42532.0,0.8611,Very High
69.7,9.7,13.1,7915.0,0.7025,High
61.4,7.4,13.2,5509.0,0.6184,Medium
55.6,4.3,10.0,905.0,0.4246,Low
63.9,5.4,11.8,3074.0,0.5625,Medium
75.9,11.0,15.2,45665.0,0.8564,Very High
52.5,0.5,7.0,526.0,0.2974,Low
53.7,4.1,5.9,572.0,0.3443,Low
60.4,5.0,7.5,2750.0,0.4889,Low
67.2,6.0,10.8,2045.0,0.549,Low
74.9,13.5,18.0,35062.0,0.8927,Very High
54.8,5.4,10.0,3265.0,0.5053,Low
65.2,9.3,15.0,10047.0,0.7061,High
68.8,9.4,13.0,13644.0,0.7218,High
72.0,7.0,14.9,5268.0,0.6777,Medium
70.8,8.6,14.9,36458.0,0.7867,High
69.3,11.3,16.5,9512.0,0.7583,High
47.9,3.7,6.8,791.0,0.3474,Low
61.4,6.5,10.6,6729.0,0.591,Medium
82.6,10.4,18.9,42811.0,0.9163,Very High
77.0,10.7,15.0,61116.0,0.8686,Very High
60.9,6.8,11.5,2467.0,0.5499,Low
79.3,10.5,14.9,13481.0,0.801,Very High
59.9,6.7,11.6,1532.0,0.5173,Low
69.5,7.2,15.4,9876.0,0.7061,High
64.8,4.7,9.7,2947.0,0.5314,Low
75.0,11.6,16.7,16070.0,0.8197,Very High
68.7,9.8,13.3,5976.0,0.6861,Medium
70.7,8.9,13.3,4861.0,0.6731,Medium
52.0,4.8,9.9,2287.0,0.4654,Low
71.2,10.0,17.9,14765.0,0.7906,High
61.2,6.2,9.4,2486.0,0.5237,Low
65.7,6.5,12.9,1157.0,0.5303,Low
72.2,8.3,14.4,4393.0,0.6775,Medium
82.2,12.3,16.6,19349.0,0.8716,Very High
63.4,8.3,11.6,4589.0,0.6138,Medium
63.4,5.3,8.4,4668.0,0.5423,Low
60.2,4.5,11.8,2047.0,0.5129,Low
71.0,8.6,14.4,13801.0,0.7367,High
76.7,8.1,17.9,22107.0,0.818,Very High
74.6,9.1,13.4,18638.0,0.7651,High
60.3,4.2,7.8,4724.0,0.5049,Low
74.6,11.6,13.9,11821.0,0.777,High
68.4,9.7,16.6,16364.0,0.767,High
68.7,9.1,12.9,23222.0,0.7414,High
66.8,10.0,16.1,23051.0,0.7726,High
69.0,9.0,13.8,26922.0,0.7574,High
65.7,9.5,12.7,13589.0,0.704,High
65.3,10.0,16.5,7050.0,0.7081,High
56.0,3.4,9.9,342.0,0.3421,Low
55.0,4.1,7.5,596.0,0.3679,Low
72.0,8.1,16.2,11607.0,0.7455,High
51.6,3.0,7.4,782.0,0.3594,Low
60.8,8.3,11.0,1965.0,0.5475,Low
71.8,9.6,16.5,13053.0,0.7706,High
73.5,9.1,12.3,15745.0,0.7409,High
63.6,8.1,12.4,7744.0,0.6463,Medium
58.2,7.1,12.2,8609.0,0.6112,Medium
55.8,5.4,10.3,1929.0,0.4867,Low
82.9,12.0,16.6,102142.0,0.9408,Very High
71.2,8.6,14.6,4607.0,0.6805,Medium
81.0,12.2,15.6,34170.0,0.8864,Very High
51.5,2.5,4.8,897.0,0.3269,Low
50.5,3.6,7.5,448.0,0.327,Low
62.2,6.6,13.9,3007.0,0.5875,Medium
74.4,9.1,19.0,25649.0,0.8359,Very High
65.8,8.5,13.8,6564.0,0.6676,Medium
54.9,5.9,9.2,887.0,0.4306,Low
71.0,10.8,14.6,8299.0,0.7367,High
60.2,5.3,10.1,1141.0,0.4705,Low
55.7,4.4,11.9,2965.0,0.5117,Low
56.9,4.6,7.5,2167.0,0.4575,Low
68.0,5.3,13.4,2172.0,0.5739,Medium
60.9,7.1,9.0,1726.0,0.5089,Low
74.1,7.3,14.5,12350.0,0.7307,High
52.3,4.5,7.7,1106.0,0.4034,Low
60.9,7.3,11.4,2459.0,0.5547,Medium
66.8,2.5,10.9,4255.0,0.5398,Low
75.7,11.5,15.7,22734.0,0.8315,Very High
66.2,10.0,14.1,15305.0,0.7321,High
81.0,10.1,13.7,11798.0,0.7854,High
58.7,3.4,10.4,1868.0,0.4729,Low
75.9,9.6,17.4,44462.0,0.8605,Very High
72.5,7.1,15.2,6058.0,0.6912,Medium
57.1,6.9,12.8,1761.0,0.5257,Low
59.3,3.2,8.8,1037.0,0.4219,Low
78.4,12.0,18.7,23005.0,0.8786,Very High
61.4,4.9,9.7,2442.0,0.5102,Low
71.1,6.1,8.7,2712.0,0.5596,Medium
61.9,4.0,12.2,1232.0,0.4868,Low
67.8,6.6,14.2,14697.0,0.6977,Medium
53.2,6.0,9.0,2288.0,0.4768,Low
75.9,10.2,15.9,25414.0,0.8252,Very High
60.0,6.8,12.1,4057.0,0.5782,Medium
79.3,13.6,16.7,31871.0,0.9,Very High
69.6,5.6,11.2,2139.0,0.5607,Medium
73.3,9.2,13.4,5939.0,0.6995,Medium
50.9,4.7,6.4,2432.0,0.4253,Low
76.3,10.6,14.2,25835.0,0.8157,Very High
79.8,12.2,21.0,19514.0,0.8983,Very High
48.5,2.3,5.2,300.0,0.2527,Low
64.1,6.8,13.6,5813.0,0.6312,Medium
68.0,7.4,9.7,4925.0,0.6075,Medium
47.0,1.7,5.8,408.0,0.2681,Low
61.4,7.3,11.8,2201.0,0.5548,Medium
55.6,5.5,11.9,1716.0,0.4944,Low
57.5,4.8,8.9,903.0,0.4271,Low
69.5,10.0,14.8,15094.0,0.7544,High
51.8,2.0,8.4,1786.0,0.401,Low
81.5,12.8,16.9,77901.0,0.9469,Very High
52.2,3.2,7.8,1630.0,0.4083,Low
69.9,6.8,11.1,9888.0,0.6582,Medium
49.5,2.3,7.5,1966.0,0.3875,Low
64.6,3.9,11.9,2098.0,0.5253,Low
51.4,5.0,7.3,1324.0,0.412,Low
68.3,7.9,11.5,5019.0,0.6346,Medium
72.8,8.4,14.2,5659.0,0.6942,Medium
62.3,5.1,13.3,2931.0,0.563,Medium
52.3,1.4,3.0,1206.0,0.2885,Low
61.4,6.6,11.3,5071.0,0.5871,Medium
60.6,6.0,14.0,14330.0,0.6508,Medium
55.6,3.3,7.2,976.0,0.3873,Low
69.3,6.2,12.6,4738.0,0.6261,Medium
50.8,3.9,7.8,2917.0,0.4371,Low
54.5,4.2,9.2,2150.0,0.4598,Low
64.9,8.0,14.9,2756.0,0.617,Medium
65.9,7.5,10.9,12474.0,0.6579,Medium
68.5,10.4,15.5,11738.0,0.7473,High
41.8,0.4,6.4,300.0,0.2198,Low
60.2,7.2,12.9,10661.0,0.6396,Medium
62.0,7.5,9.8,1172.0,0.5004,Low
75.5,9.5,14.2,12769.0,0.7631,High
75.8,9.2,13.4,14350.0,0.7593,High
67.0,4.9,10.9,7679.0,0.6047,Medium
68.8,9.8,15.8,28456.0,0.7888,High
43.2,0.3,3.0,747.0,0.2162,Low
56.6,4.5,10.2,3284.0,0.5045,Low
61.0,5.4,5.9,1838.0,0.4564,Low
70.2,9.8,14.3,11144.0,0.7357,High
71.9,7.7,14.3,6433.0,0.6898,Medium
50.0,4.3,5.2,1682.0,0.3841,Low
64.7,6.9,11.8,2854.0,0.5781,Medium
71.4,8.3,13.5,12202.0,0.7203,High
53.5,3.8,10.0,1410.0,0.4364,Low
52.4,3.3,6.6,579.0,0.3379,Low
64.0,7.8,9.5,4958.0,0.5933,Medium
78.2,9.8,14.8,46539.0,0.8495,Very High
78.8,13.0,17.8,16771.0,0.8656,Very High
64.8,7.5,12.8,2834.0,0.5949,Medium
62.7,8.3,10.4,1059.0,0.5093,Low
67.0,8.8,12.4,6600.0,0.6628,Medium
65.8,7.2,14.7,5250.0,0.6491,Medium
49.0,4.2,7.9,1024.0,0.3834,Low
53.6,2.9,8.1,1927.0,0.4205,Low
79.8,11.5,16.3,24428.0,0.8605,Very High
49.7,1.2,7.1,3367.0,0.3867,Low
77.2,10.8,18.2,47943.0,0.8922,Very High
49.6,2.8,7.9,904.0,0.3615,Low
88.0,12.8,18.5,41798.0,0.9499,Very High
63.3,5.5,11.8,2479.0,0.5481,Low
48.0,1.0,3.0,447.0,0.2262,Low
74.0,9.4,13.3,15302.0,0.7559,High
70.7,7.2,12.0,6501.0,0.6553,Medium
63.9,7.1,11.4,6373.0,0.616,Medium
65.2,6.0,10.3,6029.0,0.594,Medium
59.4,5.8,12.5,4712.0,0.5761,Medium
60.7,2.8,9.7,1665.0,0.4584,Low
61.2,6.5,10.8,2586.0,0.544,Low
66.6,8.1,12.0,6945.0,0.6525,Medium
50.0,4.6,6.5,563.0,0.3436,Low
73.7,10.0,14.0,10398.0,0.7481,High
57.1,5.7,11.5,1589.0,0.4955,Low
54.4,2.2,3.4,1990.0,0.343,Low
66.3,4.0,12.9,1954.0,0.5394,Low
61.9,7.6,15.7,4062.0,0.6289,Medium
57.7,4.8,11.2,1485.0,0.4807,Low
57.3,5.3,7.0,1190.0,0.4299,Low
50.4,3.7,6.7,1614.0,0.3933,Low
64.7,5.7,12.2,2871.0,0.5686,Medium
56.9,5.9,7.6,638.0,0.4024,Low
56.6,5.6,8.4,3833.0,0.506,Low
58.5,4.6,8.5,1815.0,0.4659,Low
44.8,3.6,5.8,1238.0,0.3443,Low
80.8,10.6,15.9,34449.0,0.8687,Very High
63.3,5.7,8.7,1658.0,0.4954,Low
75.7,8.6,18.0,33069.0,0.8381,Very High
59.7,4.1,8.6,3750.0,0.5013,Low
65.9,8.4,14.5,9782.0,0.6945,Medium
72.4,10.4,14.7,22282.0,0.7928,High
80.8,8.8,16.9,36137.0,0.8593,Very High
67.2,7.0,14.0,3493.0,0.6241,Medium
60.2,4.8,10.8,1787.0,0.4994,Low
67.0,7.7,11.6,2205.0,0.5803,Medium
66.3,8.0,11.7,7390.0,0.6491,Medium
59.9,3.8,12.7,4889.0,0.5574,Medium
61.5,5.8,12.9,3120.0,0.568,Medium
58.2,3.8,8.9,1729.0,0.455,Low
73.5,10.1,15.3,42458.0,0.8307,Very High
51.2,2.1,4.2,777.0,0.3044,Low
64.5,8.7,13.9,3565.0,0.6301,Medium
55.1,2.8,7.5,3251.0,0.4412,Low
65.5,9.6,14.2,7413.0,0.6874,Medium
60.1,4.3,11.8,2798.0,0.5259,Low
58.0,6.9,12.6,2985.0,0.5586,Medium
61.3,5.0,11.5,3964.0,0.5559,Medium
62.7,4.7,10.3,2400.0,0.5195,Low
64.9,9.8,13.4,19835.0,0.7276,High
64.5,7.5,12.5,12064.0,0.6662,Medium
75.1,10.1,15.1,20085.0,0.8004,Very High
56.0,4.5,7.0,2190.0,0.4468,Low
65.5,6.7,9.2,4148.0,0.5727,Medium
75.5,8.5,15.1,8182.0,0.7358,High
57.1,1.7,10.0,1649.0,0.4329,Low
72.5,9.1,18.5,32245.0,0.8326,Very High
64.3,7.8,11.8,6475.0,0.6323,Medium
74.2,11.5,15.6,9178.0,0.7737,High
60.5,7.7,12.3,5178.0,0.6065,Medium
49.0,0.8,8.4,394.0,0.2891,Low
71.9,10.2,15.0,24410.0,0.795,High
60.4,4.0,10.1,7080.0,0.5501,Medium
75.1,10.2,18.1,50372.0,0.8753,Very High
61.0,7.4,10.9,7253.0,0.6074,Medium
80.6,9.8,14.5,41358.0,0.8517,Very High
87.8,12.0,17.8,86496.0,0.9636,Very High
58.6,6.6,10.4,4952.0,0.5631,Medium
56.8,7.8,12.3,3129.0,0.5618,Medium
69.9,8.2,11.8,9954.0,0.6847,Medium
69.8,6.8,11.8,10850.0,0.6702,Medium
59.0,6.4,9.6,1746.0,0.4996,Low
66.3,7.2,11.6,6535.0,0.6321,Medium
63.6,5.0,14.4,11296.0,0.6473,Medium
71.1,9.5,14.3,7010.0,0.712,High
78.8,12.2,16.0,20400.0,0.8513,Very High
69.9,4.3,11.7,9228.0,0.6263,Medium
50.7,4.1,10.1,1078.0,0.4132,Low
85.1,12.6,18.7,76409.0,0.9794,Very High
48.5,4.2,8.9,883.0,0.3819,Low
72.0,8.7,14.9,13485.0,0.7472,High
56.7,4.5,9.2,502.0,0.3824,Low
76.4,10.2,15.8,28782.0,0.8327,Very High
78.6,9.6,20.5,21122.0,0.8657,Very High
62.4,6.5,8.1,3052.0,0.5298,Low
77.4,8.0,12.6,16330.0,0.7491,High
55.9,3.7,8.4,1939.0,0.4453,Low
52.3,3.7,10.2,1060.0,0.4165,Low
46.5,0.9,3.1,651.0,0.2387,Low
69.9,10.2,10.4,8455.0,0.6868,Medium
75.3,9.3,14.1,16380.0,0.773,High
67.0,9.8,17.3,9637.0,0.7385,High
63.0,4.2,10.1,4270.0,0.5405,Low
54.6,4.8,6.7,1237.0,0.4124,Low
49.1,4.3,9.0,688.0,0.3716,Low
65.0,8.9,15.4,10195.0,0.7048,High
78.7,14.2,16.8,118935.0,0.9473,Very High
73.5,9.7,16.6,13091.0,0.7807,High
77.1,9.9,15.9,19796.0,0.8152,Very High
70.5,6.9,13.9,13548.0,0.7076,High
87.9,12.2,17.5,73054.0,0.9623,Very High
49.8,3.9,8.4,1356.0,0.4029,Low
70.3,9.0,14.7,9579.0,0.7233,High
74.3,12.3,17.0,6212.0,0.7724,High
52.9,3.9,5.3,1269.0,0.3782,Low
60.0,6.8,9.6,6065.0,0.5738,Medium
61.4,5.6,10.9,9204.0,0.5967,Medium
61.1,6.1,10.2,1644.0,0.5073,Low
47.4,2.9,8.2,2285.0,0.4015,Low
82.2,12.7,15.8,34393.0,0.8996,Very High
53.8,3.7,9.3,1298.0,0.4256,Low
52.4,6.4,11.0,1551.0,0.4746,Low
52.0,5.9,11.1,4570.0,0.5235,Low
66.7,7.4,10.4,2223.0,0.5648,Medium
62.4,8.4,12.5,11149.0,0.6631,Medium
73.3,8.4,13.0,10937.0,0.7204,High
75.7,9.4,18.0,18497.0,0.8191,Very High
77.5,10.4,18.5,21488.0,0.8512,Very High
66.6,8.2,10.7,12337.0,0.6682,Medium
81.6,9.8,19.1,36174.0,0.8979,Very High
62.3,6.3,11.7,4497.0,0.5848,Medium
64.6,2.9,14.1,5639.0,0.5898,Medium
64.6,7.7,10.8,6159.0,0.619,Medium
72.9,8.1,14.2,15398.0,0.7445,High
55.4,3.9,8.5,3312.0,0.4714,Low
80.0,12.1,19.2,31050.0,0.9072,Very High
63.6,6.8,10.5,4615.0,0.5863,Medium
60.4,8.3,10.9,3925.0,0.5847,Medium
59.6,3.7,8.6,1766.0,0.4575,Low
60.9,7.5,10.7,2753.0,0.5566,Medium
60.8,5.8,13.2,7162.0,0.6095,Medium
67.8,8.0,13.4,11539.0,0.6957,Medium
49.3,4.8,9.2,974.0,0.4002,Low
69.8,5.4,12.2,3791.0,0.6026,Medium
62.6,8.7,12.4,4779.0,0.6244,Medium
61.5,6.4,9.2,3591.0,0.5442,Low
77.7,10.2,18.4,61524.0,0.9024,Very High
71.4,7.6,15.7,12398.0,0.735,High
73.5,9.5,16.8,32328.0,0.8254,Very High
54.7,3.3,10.2,1893.0,0.4528,Low
63.7,8.8,11.3,8322.0,0.6483,Medium
45.3,1.9,6.4,454.0,0.2776,Low
61.4,4.1,11.2,1968.0,0.5038,Low
74.5,8.5,17.2,14617.0,0.7834,High
60.7,3.2,8.5,1578.0,0.4478,Low
69.2,9.2,15.7,6434.0,0.7073,High
45.7,3.7,8.8,1490.0,0.3906,Low
53.6,2.6,9.1,536.0,0.3538,Low
73.6,11.7,15.4,21255.0,0.8164,Very High
60.6,6.4,11.4,5747.0,0.5875,Medium
53.0,1.3,7.9,733.0,0.3414,Low
47.6,2.6,7.5,810.0,0.3407,Low
64.9,7.9,13.0,5826.0,0.6429,Medium
73.7,8.6,13.4,97821.0,0.8161,Very High
61.4,3.9,11.1,2756.0,0.5192,Low
72.6,10.9,13.4,14709.0,0.7653,High
67.8,7.3,14.1,11151.0,0.6927,Medium
60.0,4.4,9.3,2878.0,0.5025,Low
71.0,8.0,11.7,5815.0,0.6581,Medium
54.9,4.9,8.8,2083.0,0.4652,Low
63.3,6.5,12.5,7426.0,0.625,Medium
56.1,5.3,9.6,3572.0,0.5106,Low
65.9,5.1,10.5,2017.0,0.5286,Low
59.0,6.2,11.9,2605.0,0.5413,Low
56.2,2.3,8.1,1373.0,0.4047,Low
68.0,8.7,13.8,13805.0,0.7181,High
82.7,12.6,17.2,53549.0,0.937,Very High
71.0,8.7,12.8,7140.0,0.689,Medium
63.0,5.8,14.0,7889.0,0.6334,Medium
69.3,6.9,12.6,11491.0,0.681,Medium
69.6,12.3,18.5,27370.0,0.8421,Very High
77.5,10.5,15.9,21184.0,0.8271,Very High
58.5,7.4,11.9,2703.0,0.5538,Medium
66.4,5.8,10.5,7418.0,0.6081,Medium
62.0,6.3,12.4,11035.0,0.6336,Medium
64.9,4.0,10.3,1898.0,0.505,Low
54.1,5.3,8.8,1056.0,0.429,Low
67.8,12.5,14.3,29021.0,0.8004,Very High
72.1,8.0,12.0,10193.0,0.6958,Medium
51.3,3.0,6.1,1105.0,0.3611,Low
54.4,3.1,7.9,1605.0,0.4164,Low
66.0,5.2,11.9,5316.0,0.5985,Medium
57.8,3.2,11.9,696.0,0.4205,Low
72.9,7.7,13.4,12020.0,0.7179,High
62.9,5.9,13.9,6396.0,0.6227,Medium
74.9,11.3,16.0,45556.0,0.8616,Very High
78.8,10.2,15.6,13446.0,0.8031,Very High
80.8,11.5,17.2,8528.0,0.8151,Very High
61.2,4.9,10.0,3551.0,0.5318,Low
77.9,9.7,15.6,35116.0,0.8419,Very High
72.2,6.7,9.7,2640.0,0.5807,Medium
66.6,6.4,11.8,6860.0,0.6287,Medium
57.2,3.1,7.7,3361.0,0.4589,Low
60.9,5.5,12.3,2613.0,0.5453,Low
64.7,5.2,11.3,3747.0,0.5676,Medium
83.4,10.6,19.9,32434.0,0.9178,Very High
60.9,7.9,12.8,4507.0,0.6072,Medium
78.8,10.2,16.9,7791.0,0.7847,High
63.3,7.1,11.1,9627.0,0.6306,Medium
75.1,10.2,12.4,25771.0,0.7868,High
52.4,4.6,9.7,2897.0,0.4759,Low
56.4,5.6,11.0,2974.0,0.5206,Low
65.0,7.2,16.5,4299.0,0.6503,Medium
71.0,7.9,13.4,6485.0,0.6801,Medium
64.4,5.5,8.0,1944.0,0.4989,Low
56.4,6.8,10.0,5455.0,0.5546,Medium
84.6,11.6,15.7,12775.0,0.8431,Very High
82.9,11.8,17.0,31540.0,0.8991,Very High
83.7,12.8,17.8,74679.0,0.9663,Very High
69.6,6.1,12.8,8795.0,0.6605,Medium
74.1,10.3,13.0,21431.0,0.7805,High
64.3,4.5,9.1,2627.0,0.5141,Low
43.5,0.5,5.8,300.0,0.2196,Low
60.5,4.9,9.9,3285.0,0.5237,Low
56.1,4.9,6.9,2315.0,0.4539,Low
69.6,8.5,14.2,20486.0,0.7465,High
63.1,6.3,12.2,3542.0,0.581,Medium
44.2,0.5,3.0,736.0,0.225,Low
55.7,5.0,12.8,9583.0,0.5823,Medium
69.3,5.9,14.7,3932.0,0.6337,Medium
87.6,11.3,19.7,69714.0,0.9701,Very High
66.8,7.0,12.4,20120.0,0.6931,Medium
61.7,5.9,11.8,3676.0,0.568,Medium
72.0,12.6,16.6,18427.0,0.8212,Very High
58.8,6.8,9.7,1604.0,0.4991,Low
68.4,4.9,13.8,14464.0,0.6737,Medium
73.4,7.0,13.9,20535.0,0.743,High
65.8,6.4,12.2,15622.0,0.6672,Medium
65.7,3.8,10.5,3416.0,0.5398,Low
51.8,2.3,7.2,708.0,0.3426,Low
52.2,3.6,7.3,1122.0,0.3885,Low
66.3,5.5,10.9,13066.0,0.6339,Medium
59.5,3.2,8.5,1054.0,0.421,Low
49.3,1.9,6.6,1106.0,0.3422,Low
55.5,5.6,9.6,1921.0,0.4801,Low
74.7,10.1,13.0,12523.0,0.7535,High
66.5,7.7,11.5,2210.0,0.5776,Medium
55.2,3.4,6.6,1557.0,0.4054,Low
74.8,8.5,17.8,25823.0,0.8187,Very High
57.6,2.1,7.6,555.0,0.3478,Low
72.4,7.8,14.4,32436.0,0.7749,High
61.0,9.2,11.6,3195.0,0.5919,Medium
51.7,1.1,6.9,1262.0,0.3489,Low
62.6,7.8,12.7,6882.0,0.6361,Medium
47.8,1.4,4.8,1787.0,0.3236,Low
59.5,6.9,11.2,1313.0,0.504,Low
60.3,7.1,10.0,5785.0,0.5799,Medium
71.7,9.4,13.8,7788.0,0.7145,High
69.0,8.3,16.1,13657.0,0.7398,High
64.1,6.6,10.3,6383.0,0.5997,Medium
88.0,11.4,15.9,81180.0,0.9371,Very High
58.6,4.2,9.5,930.0,0.4313,Low
71.2,9.1,16.3,6903.0,0.7249,High
74.6,10.2,15.8,25896.0,0.8191,Very High
63.2,5.3,10.3,4443.0,0.5598,Medium
60.7,4.8,8.1,1955.0,0.4764,Low
75.9,9.3,15.1,14542.0,0.779,High
71.6,7.1,11.6,12180.0,0.6859,Medium
64.8,5.9,12.4,7362.0,0.6229,Medium
59.2,5.3,11.8,9311.0,0.5921,Medium
64.4,7.7,11.3,4393.0,0.6066,Medium
70.9,7.3,13.3,18126.0,0.7219,High
57.9,8.6,9.8,8850.0,0.6038,Medium
69.7,6.6,13.4,5671.0,0.6516,Medium
72.8,8.3,12.1,20576.0,0.7364,High
78.7,9.8,15.5,23698.0,0.8264,Very High
69.2,8.0,15.3,12222.0,0.7241,High
84.5,12.6,19.8,52262.0,0.9697,Very High
70.3,8.5,11.6,6203.0,0.664,Medium
83.4,13.1,18.2,34261.0,0.932,Very High
63.8,5.6,11.7,2099.0,0.5415,Low
79.7,11.3,15.2,37489.0,0.8698,Very High
81.4,10.1,17.7,73137.0,0.9205,Very High
56.9,4.5,11.2,1196.0,0.4608,Low
69.6,9.9,14.5,11158.0,0.7363,High
50.2,0.2,3.1,690.0,0.232,Low
59.8,5.7,6.6,1727.0,0.4626,Low
69.4,9.6,15.7,20764.0,0.7745,High
54.2,5.8,8.9,1437.0,0.4535,Low
61.6,5.4,10.2,1109.0,0.4764,Low
59.1,7.5,12.7,6726.0,0.6131,Medium
69.4,8.9,12.4,10808.0,0.7009,High
53.9,4.3,6.7,2019.0,0.4275,Low
64.8,6.3,11.1,2763.0,0.5638,Medium
52.5,0.8,7.7,507.0,0.3083,Low
83.7,11.6,16.6,33935.0,0.9015,Very High
65.4,8.3,9.8,9768.0,0.6425,Medium
59.3,6.7,10.7,7076.0,0.5874,Medium
77.2,9.9,15.4,25546.0,0.824,Very High
60.0,6.7,9.6,3006.0,0.5374,Low
72.0,11.1,12.5,20211.0,0.7724,High
52.5,2.9,9.7,1588.0,0.4241,Low
62.2,5.8,9.0,2296.0,0.5136,Low
64.3,5.2,12.9,6058.0,0.6079,Medium
77.5,10.9,15.6,11528.0,0.7959,High
70.2,8.0,11.9,16423.0,0.7084,High
55.8,3.2,8.3,1650.0,0.4274,Low
67.3,8.0,12.7,11379.0,0.6855,Medium
53.2,4.0,6.3,2789.0,0.4282,Low
61.7,5.9,7.9,3975.0,0.5299,Low
65.1,8.3,12.5,3732.0,0.6188,Medium
45.4,4.9,10.1,940.0,0.3892,Low
74.9,11.3,17.0,70330.0,0.8912,Very High
49.1,1.2,10.3,884.0,0.3637,Low
69.0,10.7,16.7,9656.0,0.7525,High
73.4,7.2,15.0,17899.0,0.7502,High
63.4,5.7,13.5,3368.0,0.585,Medium
66.3,6.7,14.5,8003.0,0.6652,Medium
73.8,7.8,14.7,7644.0,0.7138,High
79.6,8.8,13.0,15348.0,0.7702,High
81.8,9.7,16.7,25007.0,0.8552,Very High
50.2,3.9,7.3,611.0,0.3486,Low
83.8,11.6,20.3,35013.0,0.9378,Very High
76.3,11.7,15.2,28702.0,0.8442,Very High
70.0,8.2,16.8,22333.0,0.775,High
65.8,4.5,10.6,2275.0,0.5285,Low
67.0,9.5,12.6,3453.0,0.6368,Medium
64.8,8.6,12.6,15055.0,0.6931,Medium
48.7,6.3,7.1,1736.0,0.4262,Low
74.8,5.6,13.4,11454.0,0.6964,Medium
71.6,9.6,14.7,7312.0,0.7208,High
60.8,8.2,12.0,9119.0,0.6376,Medium
76.3,11.0,16.0,39336.0,0.8586,Very High
64.2,8.0,16.4,15743.0,0.7212,High
49.1,2.9,8.5,515.0,0.3321,Low
63.0,8.7,12.7,6203.0,0.6426,Medium
70.9,8.0,16.8,16466.0,0.7621,High
49.3,1.3,5.3,1274.0,0.3196,Low
75.7,7.8,14.1,17089.0,0.7568,High
64.4,6.7,10.2,2698.0,0.5576,Medium
78.4,13.3,19.5,118411.0,0.96,Very High
56.2,3.8,9.5,2888.0,0.4791,Low
65.6,7.3,13.7,16171.0,0.6954,Medium
62.3,4.0,11.2,4344.0,0.5483,Low
81.6,12.1,15.6,21306.0,0.8637,Very High
60.1,7.5,10.4,4190.0,0.5722,Medium
80.9,11.0,17.4,43020.0,0.9011,Very High
52.2,4.8,6.7,473.0,0.3431,Low
69.8,6.5,12.3,3297.0,0.6098,Medium
69.9,6.1,11.7,11113.0,0.6612,Medium
73.8,10.1,16.5,20908.0,0.8105,Very High
82.5,10.9,18.1,102792.0,0.9416,Very High
67.4,7.0,14.7,6505.0,0.6661,Medium
47.9,2.7,7.8,342.0,0.2897,Low
58.2,2.9,7.8,1925.0,0.4343,Low
51.5,1.2,6.9,1650.0,0.3625,Low
82.8,11.9,16.5,36042.0,0.9025,Very High
69.5,8.8,13.1,9978.0,0.7035,High
61.8,7.3,12.0,2214.0,0.5584,Medium
64.3,8.9,10.8,14400.0,0.6739,Medium
71.7,9.3,12.9,15359.0,0.7394,High
64.5,9.5,12.6,5546.0,0.6515,Medium
74.3,9.5,12.3,9637.0,0.7239,High
77.5,9.5,15.7,13519.0,0.7898,High
55.7,5.0,7.9,562.0,0.3811,Low
66.1,8.1,13.7,3815.0,0.6339,Medium
68.5,8.2,13.0,3829.0,0.6392,Medium
73.5,8.6,16.3,32973.0,0.8111,Very High
74.7,7.8,15.6,32021.0,0.7978,High
64.1,5.9,5.9,1915.0,0.4782,Low
53.6,3.9,5.6,1247.0,0.3839,Low
59.5,7.3,12.1,7661.0,0.6129,Medium
64.6,9.5,14.2,14951.0,0.7172,High
73.2,9.7,16.3,75412.0,0.8592,Very High
53.4,1.6,10.3,1576.0,0.4171,Low
53.3,3.0,7.3,1492.0,0.3983,Low
52.1,5.5,10.9,1589.0,0.4647,Low
53.6,2.7,3.0,670.0,0.2959,Low
70.6,6.7,16.4,14640.0,0.7352,High
70.4,8.5,12.5,12018.0,0.707,High
74.9,8.2,15.0,12133.0,0.7505,High
57.1,2.2,10.4,1021.0,0.4174,Low
73.3,9.9,12.2,19484.0,0.7578,High
49.1,4.5,8.5,665.0,0.3675,Low
69.1,8.6,15.6,9952.0,0.7229,High
80.2,12.9,17.3,33793.0,0.905,Very High
56.0,3.1,9.9,1123.0,0.4245,Low
57.9,4.8,10.3,1337.0,0.4664,Low
56.7,4.2,9.6,3001.0,0.49,Low
64.1,4.8,10.7,3048.0,0.5441,Low
54.7,4.8,11.0,1867.0,0.4787,Low
53.7,6.9,11.3,2465.0,0.5148,Low
63.0,6.6,12.6,6705.0,0.6212,Medium
75.3,9.8,13.0,20374.0,0.7771,High
76.0,10.0,16.4,19106.0,0.8144,Very High
72.3,10.1,15.7,31944.0,0.8153,Very High
67.0,8.6,14.1,5838.0,0.6711,Medium
55.2,4.7,4.9,818.0,0.3684,Low
78.6,13.3,19.3,33522.0,0.9187,Very High
66.8,7.4,11.3,5578.0,0.6264,Medium
66.5,8.2,15.3,3716.0,0.6491,Medium
76.1,10.8,14.3,29318.0,0.8239,Very High
62.0,5.6,9.5,4913.0,0.5553,Medium
65.3,8.1,12.1,3919.0,0.6165,Medium
70.0,7.4,15.6,15488.0,0.7364,High
78.1,11.1,16.5,59102.0,0.8941,Very High
63.8,8.3,13.6,2791.0,0.6059,Medium
74.2,8.9,12.6,5579.0,0.6891,Medium
73.5,12.4,15.8,29841.0,0.8449,Very High
71.8,7.0,11.4,13212.0,0.6869,Medium
61.9,6.8,10.3,3168.0,0.5578,Medium
67.5,8.7,10.9,19493.0,0.7003,High
62.9,5.2,9.4,1733.0,0.4979,Low
72.6,9.3,11.9,11455.0,0.7193,High
73.5,9.1,14.9,4484.0,0.6967,Medium
75.8,9.8,16.5,8077.0,0.7653,High
56.1,3.1,9.3,1563.0,0.4371,Low
70.1,8.8,11.3,7005.0,0.6698,Medium
69.3,9.4,15.3,22605.0,0.771,High
68.3,8.1,13.4,6623.0,0.6715,Medium
67.1,7.7,14.4,9442.0,0.689,Medium
68.9,8.6,12.5,5676.0,0.6627,Medium
55.5,3.1,7.3,2545.0,0.4335,Low
63.3,7.1,11.6,5915.0,0.6119,Medium
60.1,6.1,9.6,3756.0,0.5415,Low
63.3,8.3,13.4,9307.0,0.6668,Medium
74.1,12.2,14.6,22324.0,0.8208,Very High
54.5,4.9,9.9,2231.0,0.4773,Low
66.7,5.4,13.3,6241.0,0.6279,Medium
53.8,5.8,7.4,2303.0,0.4625,Low
52.5,4.8,8.5,1041.0,0.4122,Low
65.6,9.5,9.7,8063.0,0.6473,Medium
58.3,5.3,10.8,1862.0,0.499,Low
66.1,7.6,10.5,10743.0,0.6489,Medium
72.4,8.1,13.3,11712.0,0.7187,High
57.7,5.8,9.2,3040.0,0.5132,Low
63.5,3.8,10.5,3700.0,0.5346,Low
78.3,11.7,19.9,73892.0,0.9445,Very High
45.5,3.3,5.4,603.0,0.3027,Low
69.3,6.0,10.6,1344.0,0.5281,Low
85.2,11.6,16.9,39886.0,0.9178,Very High
70.9,8.6,12.4,12318.0,0.7104,High
73.1,12.2,16.0,26851.0,0.8377,Very High
75.0,10.9,17.0,8975.0,0.7836,High
72.6,9.3,15.9,23757.0,0.7958,High
69.6,9.7,12.3,10004.0,0.7074,High
68.7,10.6,14.3,7787.0,0.7182,High
56.0,3.9,7.5,2909.0,0.4577,Low
60.0,9.7,13.0,3771.0,0.613,Medium
77.5,11.0,15.9,11434.0,0.7994,High
79.1,12.3,16.2,46503.0,0.8979,Very High
64.1,7.8,9.0,5765.0,0.5966,Medium
72.3,7.0,12.2,16355.0,0.7066,High
60.2,4.3,12.0,1375.0,0.4884,Low
68.5,8.8,15.0,10319.0,0.7185,High
50.6,0.2,8.3,1252.0,0.349,Low
55.1,5.7,9.5,1251.0,0.4531,Low
66.5,5.5,9.0,12929.0,0.6115,Medium
65.9,6.9,11.9,8645.0,0.6439,Medium
70.2,7.2,13.4,9678.0,0.6887,Medium
61.5,7.2,12.7,4006.0,0.5957,Medium
45.7,0.2,6.4,493.0,0.2595,Low
77.4,8.7,15.1,18460.0,0.7902,High
63.0,5.3,10.7,4144.0,0.561,Medium
62.9,7.6,11.4,1262.0,0.5243,Low
81.0,11.3,17.5,24060.0,0.8764,Very High
76.3,11.1,15.1,12943.0,0.7947,High
77.2,11.4,15.5,20777.0,0.8306,Very High
66.7,6.5,12.3,4779.0,0.6156,Medium
63.7,4.3,9.2,1400.0,0.4746,Low
83.0,10.3,15.7,46115.0,0.8874,Very High
71.2,7.3,11.7,9862.0,0.677,Medium
56.2,2.7,10.2,4852.0,0.4962,Low
83.3,10.6,15.4,31491.0,0.871,Very High
60.6,5.4,9.6,2405.0,0.5118,Low
61.9,6.6,12.9,6261.0,0.6151,Medium
65.4,6.4,11.8,4466.0,0.6005,Medium
67.0,8.6,13.7,10989.0,0.6985,Medium
51.2,2.5,8.6,2008.0,0.4119,Low
44.1,0.2,6.9,635.0,0.2744,Low
70.0,7.8,14.2,5256.0,0.6704,Medium
67.8,9.2,14.8,2005.0,0.6207,Medium
52.0,3.4,5.3,706.0,0.336,Low
70.3,8.3,12.4,1694.0,0.5898,Medium
55.6,1.9,7.9,702.0,0.3573,Low
66.0,9.1,13.9,23493.0,0.7384,High
53.1,2.7,8.5,491.0,0.3427,Low
66.7,7.5,13.2,12288.0,0.6858,Medium
73.7,10.1,13.1,26488.0,0.788,High
65.4,7.0,12.5,2636.0,0.5851,Medium
77.0,9.7,18.1,89052.0,0.8981,Very High
51.6,1.6,5.5,473.0,0.2856,Low
75.9,9.4,17.3,43223.0,0.8554,Very High
65.8,5.9,12.4,8166.0,0.6328,Medium
72.8,8.4,15.7,13078.0,0.753,High
82.8,13.3,14.1,6789.0,0.8015,Very High
66.8,8.2,15.0,2745.0,0.6285,Medium
64.8,4.7,11.7,7892.0,0.6027,Medium
75.9,10.9,16.1,71454.0,0.8856,Very High
57.4,5.3,9.8,1391.0,0.4691,Low
68.6,8.2,12.3,10164.0,0.6851,Medium
71.3,7.6,11.9,8055.0,0.6738,Medium
78.8,11.4,16.1,29999.0,0.8634,Very High
47.5,3.5,6.8,776.0,0.3427,Low
52.1,3.7,7.0,618.0,0.3504,Low
57.3,5.9,10.2,3919.0,0.5346,Low
62.0,7.4,11.5,3297.0,0.5773,Medium
61.7,6.9,10.6,6235.0,0.5937,Medium
51.7,2.5,8.2,2530.0,0.4191,Low
45.9,0.2,6.5,450.0,0.2569,Low
83.1,11.4,17.5,48132.0,0.923,Very High
56.8,5.2,10.6,2084.0,0.4953,Low
81.5,9.1,16.0,32547.0,0.8518,Very High
53.6,3.1,8.8,2122.0,0.4357,Low
64.8,6.3,12.0,3797.0,0.591,Medium
57.5,4.6,8.7,1458.0,0.4523,Low
81.0,12.1,18.6,10320.0,0.8458,Very High
58.0,4.2,12.9,3805.0,0.5425,Low
52.3,3.1,8.7,1543.0,0.4142,Low
76.6,9.4,14.4,23722.0,0.8008,Very High
56.6,4.3,8.5,1881.0,0.4557,Low
78.6,8.5,15.7,24271.0,0.8136,Very High
63.2,7.5,10.8,3413.0,0.5799,Medium
51.0,1.6,6.7,421.0,0.2924,Low
80.9,10.9,17.5,36802.0,0.8918,Very High
58.6,5.9,8.9,3340.0,0.519,Low
71.3,6.8,15.0,9881.0,0.7061,High
64.8,8.0,14.7,27679.0,0.7334,High
57.8,6.5,5.9,2940.0,0.4845,Low
78.9,9.3,13.9,35289.0,0.8237,Very High
77.2,9.1,18.2,42448.0,0.8666,Very High
54.8,2.8,10.2,1771.0,0.4436,Low
64.5,7.0,12.2,5739.0,0.6214,Medium
68.8,8.5,11.3,4575.0,0.637,Medium
64.7,9.2,12.0,9662.0,0.6717,Medium
63.2,7.9,12.7,4470.0,0.6167,Medium
66.9,7.6,11.7,3703.0,0.6097,Medium
64.9,7.5,13.9,9399.0,0.6697,Medium
77.2,10.7,14.3,14993.0,0.7955,High
70.1,7.6,12.3,3711.0,0.6298,Medium
75.0,10.8,18.9,28991.0,0.8618,Very High
57.7,6.9,9.7,3096.0,0.5317,Low
72.7,11.1,15.9,61150.0,0.8609,Very High
61.3,5.8,12.7,3123.0,0.565,Medium
56.3,6.9,10.3,5100.0,0.5552,Medium
63.9,9.9,11.8,9457.0,0.6724,Medium
70.7,9.1,12.8,19209.0,0.7415,High
70.3,8.8,12.8,18406.0,0.7348,High
67.8,10.3,11.0,19359.0,0.7241,High
74.6,10.1,16.9,21205.0,0.8187,Very High
69.6,8.3,11.5,8568.0,0.6737,Medium
83.7,10.1,20.0,26634.0,0.9032,Very High
67.0,4.6,12.5,9937.0,0.632,Medium
74.7,10.9,13.4,13441.0,0.7711,High
62.5,5.3,8.9,3280.0,0.5263,Low
58.1,6.7,10.9,7851.0,0.5874,Medium
51.8,2.6,7.7,2064.0,0.4066,Low
71.0,7.6,12.6,2327.0,0.6091,Medium
54.0,3.6,6.3,937.0,0.3737,Low
71.8,8.2,15.9,10617.0,0.7386,High
63.1,7.5,10.0,10451.0,0.6252,Medium
50.8,4.6,9.6,706.0,0.3889,Low
45.2,2.9,7.1,854.0,0.3334,Low
69.1,10.6,16.4,13159.0,0.7669,High
69.2,9.9,15.5,19165.0,0.7701,High
71.3,7.7,13.1,8980.0,0.692,Medium
55.2,8.1,10.6,9022.0,0.5923,Medium
64.0,7.9,13.6,13111.0,0.6839,Medium
48.5,1.7,6.9,300.0,0.2626,Low
64.7,6.5,10.5,9586.0,0.6223,Medium
74.7,8.8,17.1,24355.0,0.8124,Very High
56.9,1.1,5.6,1722.0,0.3614,Low
53.5,2.3,8.0,819.0,0.3665,Low
66.2,5.0,11.9,2315.0,0.5524,Medium
55.5,3.9,7.7,861.0,0.3935,Low
70.5,10.1,12.2,23226.0,0.7557,High
53.1,3.4,8.0,2113.0,0.4285,Low
61.5,5.4,5.8,1780.0,0.4559,Low
62.6,5.0,10.1,779.0,0.4497,Low
65.2,10.3,10.4,10531.0,0.6767,Medium
57.6,6.2,13.6,624.0,0.4536,Low
70.1,7.4,14.4,21402.0,0.7381,High
53.7,4.4,8.7,755.0,0.3955,Low
60.5,4.4,12.8,3492.0,0.5512,Medium
54.9,3.3,9.0,1371.0,0.4247,Low
70.9,9.7,14.2,28286.0,0.7824,High
72.1,9.6,13.0,13331.0,0.739,High
55.8,4.2,11.5,2736.0,0.5018,Low
83.6,13.7,16.1,34161.0,0.9208,Very High
65.5,5.1,10.5,2241.0,0.534,Low
60.4,5.2,12.1,2824.0,0.5428,Low
53.1,4.7,8.9,2082.0,0.4549,Low
53.3,4.5,8.3,526.0,0.3658,Low
52.5,4.1,9.1,1384.0,0.4263,Low
83.3,12.1,18.9,43334.0,0.9396,Very High
67.3,8.5,13.2,10230.0,0.6926,Medium
57.7,6.1,9.8,2038.0,0.5001,Low
57.3,5.6,10.1,2607.0,0.5092,Low
60.4,6.3,8.5,6100.0,0.5568,Medium
79.0,10.1,18.3,22701.0,0.8565,Very High
57.5,3.1,7.5,1307.0,0.4112,Low
52.6,3.8,7.8,884.0,0.3838,Low
58.2,6.5,12.2,8121.0,0.6006,Medium
72.3,9.5,15.8,12435.0,0.7627,High
46.6,4.6,5.4,732.0,0.3336,Low
66.7,8.1,14.1,6621.0,0.6696,Medium
76.7,10.6,17.6,29100.0,0.8567,Very High
47.3,2.6,6.0,1334.0,0.3467,Low
76.3,10.8,18.8,29703.0,0.8702,Very High
83.3,11.3,18.0,43677.0,0.9222,Very High
61.8,7.5,11.3,3816.0,0.5834,Medium
74.5,10.6,15.6,30106.0,0.8286,Very High
75.8,12.1,14.6,32036.0,0.8455,Very High
63.5,6.4,13.2,7473.0,0.6321,Medium
75.3,8.9,14.4,18895.0,0.7771,High
46.0,3.0,6.8,556.0,0.3102,Low
51.4,6.5,9.8,1872.0,0.4716,Low
66.5,8.0,14.3,13298.0,0.7054,High
48.9,3.0,7.0,772.0,0.3428,Low
56.8,3.4,9.6,1698.0,0.4517,Low
58.1,5.9,10.4,1622.0,0.4924,Low
70.0,8.2,18.3,16139.0,0.7733,High
70.3,10.1,16.6,19066.0,0.7886,High
77.7,10.3,14.4,26397.0,0.8219,Very High
51.7,0.2,7.9,673.0,0.3171,Low
63.3,5.8,8.8,1043.0,0.4692,Low
64.0,5.8,10.5,13725.0,0.6247,Medium
83.4,12.8,19.1,50812.0,0.9574,Very High
65.1,6.7,13.9,6097.0,0.6398,Medium
69.4,7.5,14.3,8805.0,0.6924,Medium
59.4,7.6,10.1,3102.0,0.5521,Medium
74.3,12.1,15.5,18175.0,0.8175,Very High
66.7,7.8,14.5,17424.0,0.7189,High
65.5,8.9,11.4,4582.0,0.6283,Medium
71.8,5.8,15.5,11769.0,0.7103,High
67.9,8.4,12.9,2551.0,0.613,Medium
75.2,8.9,15.6,21621.0,0.7952,High
68.0,10.0,12.5,9615.0,0.7032,High
57.1,4.1,10.3,1362.0,0.4566,Low
71.4,8.0,15.1,15897.0,0.7456,High
62.1,4.5,6.6,1945.0,0.459,Low
63.7,5.5,12.1,3420.0,0.5713,Medium
77.1,10.1,14.9,20775.0,0.8094,Very High
66.9,8.7,13.8,5378.0,0.664,Medium
61.9,8.2,10.6,1983.0,0.5485,Low
58.8,4.1,7.7,717.0,0.3962,Low
67.3,8.2,15.6,9294.0,0.7059,High
60.0,6.5,12.1,1817.0,0.53,Low
63.8,6.5,11.8,2394.0,0.5598,Medium
76.7,9.7,16.8,48619.0,0.863,Very High
58.4,5.9,7.3,1465.0,0.458,Low
61.1,5.1,7.4,1415.0,0.4561,Low
75.2,10.8,18.1,17755.0,0.8309,Very High
60.7,3.4,8.9,4454.0,0.5056,Low
51.5,3.5,10.5,1413.0,0.4291,Low
59.7,7.9,11.4,2425.0,0.555,Medium
72.1,10.6,15.9,29008.0,0.8172,Very High
66.6,7.0,12.0,5166.0,0.6241,Medium
57.6,6.6,10.7,4121.0,0.5515,Medium
70.7,6.5,12.3,8297.0,0.6621,Medium
79.5,10.1,18.3,19839.0,0.8519,Very High
61.6,9.1,11.5,4210.0,0.6087,Medium
55.0,4.3,11.2,2839.0,0.4987,Low
70.0,8.5,13.6,11975.0,0.7161,High
59.9,7.7,11.3,4143.0,0.5822,Medium
57.0,6.1,9.6,1291.0,0.4697,Low
56.8,2.9,10.0,1144.0,0.4275,Low
59.4,5.6,12.5,3866.0,0.5632,Medium
72.5,11.0,13.5,20781.0,0.7841,High
61.5,6.6,12.3,10814.0,0.6329,Medium
74.3,10.5,16.6,44896.0,0.8554,Very High
72.1,10.2,12.2,26849.0,0.772,High
56.2,5.1,8.0,2077.0,0.4646,Low
53.1,2.0,7.4,1384.0,0.3801,Low
47.6,0.2,12.2,1814.0,0.401,Low
66.4,5.9,10.8,2994.0,0.5676,Medium
68.5,11.2,16.0,24446.0,0.7977,High
81.5,11.6,15.6,73009.0,0.917,Very High
69.7,7.2,13.0,4275.0,0.6379,Medium
54.6,4.3,10.5,3240.0,0.4967,Low
73.9,11.0,18.2,13095.0,0.811,Very High
69.3,8.4,13.6,29354.0,0.7536,High
77.9,11.4,13.6,51323.0,0.8603,Very High
58.3,5.6,10.8,3182.0,0.5307,Low
51.1,0.5,4.8,566.0,0.2643,Low
49.0,3.2,5.3,300.0,0.2661,Low
53.0,6.8,10.8,1747.0,0.4871,Low
61.4,6.4,10.6,3160.0,0.5522,Medium
79.1,7.3,13.5,27296.0,0.7807,High
52.5,3.6,10.7,1597.0,0.4441,Low
75.1,10.5,18.6,27185.0,0.8531,Very High
66.6,8.0,10.5,5732.0,0.6259,Medium
57.6,3.2,12.0,2767.0,0.5027,Low
67.8,7.1,13.6,8156.0,0.6695,Medium
67.5,7.4,12.1,11119.0,0.6716,Medium
72.5,9.7,13.1,36208.0,0.7898,High
67.0,5.6,12.4,7835.0,0.632,Medium
69.0,9.3,13.1,5431.0,0.6739,Medium
54.8,3.1,7.9,1186.0,0.4015,Low
74.3,7.9,17.8,19855.0,0.7966,High
61.8,7.7,11.7,4140.0,0.5949,Medium
71.3,7.7,12.7,28814.0,0.7437,High
63.7,5.4,9.7,2096.0,0.5187,Low
76.2,7.9,17.2,14177.0,0.7827,High
71.7,6.7,13.6,4669.0,0.6527,Medium
67.6,7.0,13.6,7927.0,0.6667,Medium
55.0,3.4,9.0,4074.0,0.4787,Low
59.9,6.0,10.3,3413.0,0.5419,Low
69.4,8.7,16.3,7785.0,0.7185,High
70.5,10.4,11.6,10257.0,0.7132,High
59.7,5.5,9.0,4776.0,0.5365,Low
48.9,0.2,5.1,1254.0,0.2938,Low
57.5,1.6,9.1,829.0,0.3843,Low
72.1,8.0,14.9,33872.0,0.7832,High
56.2,8.5,10.1,1979.0,0.5207,Low
75.9,10.5,16.1,61925.0,0.8736,Very High
82.5,13.7,17.9,59516.0,0.9605,Very High
62.6,7.8,12.0,5998.0,0.6213,Medium
72.0,8.1,17.6,10361.0,0.7515,High
66.9,6.1,11.7,15050.0,0.6603,Medium
71.1,9.8,12.9,7533.0,0.7061,High
82.2,8.6,17.0,39306.0,0.869,Very High
64.9,7.6,14.4,3391.0,0.6211,Medium
41.5,1.2,3.8,452.0,0.2228,Low
71.4,10.0,14.7,25252.0,0.7882,High
74.6,10.8,14.7,20284.0,0.8033,Very High
45.9,3.1,7.5,1447.0,0.3692,Low
80.7,11.6,14.1,30507.0,0.8559,Very High
82.0,12.5,16.5,54627.0,0.9261,Very High
77.7,9.0,16.2,37519.0,0.8422,Very High
50.6,1.3,7.3,1012.0,0.3442,Low
66.2,7.6,12.1,8308.0,0.6544,Medium
53.8,7.0,8.9,1917.0,0.4822,Low
77.4,11.5,16.7,27525.0,0.8597,Very High
55.6,5.0,8.9,767.0,0.4119,Low
78.6,9.3,12.9,67283.0,0.839,Very High
74.3,6.0,10.6,4749.0,0.622,Medium
60.8,5.4,10.4,2352.0,0.5191,Low
58.6,3.4,10.6,2110.0,0.4814,Low
61.3,4.6,11.4,5248.0,0.5629,Medium
63.7,6.6,13.3,3584.0,0.5979,Medium
52.1,1.5,7.3,580.0,0.3207,Low
77.3,11.0,14.9,17675.0,0.8126,Very High
62.0,6.8,12.2,7317.0,0.6188,Medium
73.9,6.2,16.3,19839.0,0.7585,High
66.8,10.0,17.0,14231.0,0.7572,High
66.0,7.0,14.7,57217.0,0.7583,High
68.5,8.5,12.0,15972.0,0.7076,High
72.7,7.8,10.9,11541.0,0.689,Medium
78.5,11.0,13.2,14242.0,0.7913,High
74.7,6.4,14.1,9592.0,0.7056,High
68.8,9.0,13.9,12864.0,0.723,High
69.6,8.5,12.7,15508.0,0.718,High
86.2,11.9,20.2,21548.0,0.9191,Very High
80.5,10.0,17.5,50250.0,0.8949,Very High
51.9,4.9,6.1,665.0,0.3599,Low
79.2,9.8,18.3,61139.0,0.9026,Very High
50.7,3.9,9.6,1312.0,0.4172,Low
67.0,6.1,12.2,1934.0,0.5602,Medium
60.9,8.3,9.1,1642.0,0.5205,Low
63.2,5.6,11.2,1044.0,0.4893,Low
47.2,1.7,9.9,935.0,0.3605,Low
79.7,10.0,14.5,53866.0,0.8633,Very High
74.2,10.0,12.7,27190.0,0.7865,High
84.2,12.9,19.2,63876.0,0.9755,Very High
70.7,8.4,14.2,8520.0,0.707,High
52.1,3.0,6.9,1462.0,0.3884,Low
74.2,9.5,15.1,23687.0,0.7968,High
58.1,4.9,7.2,1931.0,0.4565,Low
66.2,6.5,13.0,5117.0,0.6251,Medium
56.7,1.9,7.5,801.0,0.3638,Low
82.4,12.1,16.7,45197.0,0.9171,Very High
59.8,6.3,9.7,2379.0,0.5204,Low
53.2,6.4,9.4,2306.0,0.4861,Low
77.8,10.9,16.8,45200.0,0.8804,Very High
57.1,5.0,9.9,2053.0,0.4866,Low
74.3,8.5,17.5,30075.0,0.821,Very High
63.6,6.6,12.8,8709.0,0.6384,Medium
58.4,6.4,10.7,4241.0,0.5547,Medium
46.7,0.8,5.7,1340.0,0.3103,Low
76.3,11.4,16.5,25612.0,0.8471,Very High
81.5,11.1,17.3,46494.0,0.907,Very High
65.0,6.8,11.8,8275.0,0.634,Medium
80.0,11.8,14.7,70239.0,0.9018,Very High
53.8,4.2,9.4,2508.0,0.4666,Low
68.1,9.3,16.6,6483.0,0.7115,High
62.0,5.7,8.8,2015.0,0.5027,Low
74.5,9.9,16.5,19241.0,0.8066,Very High
66.0,1.9,12.2,4757.0,0.5496,Low
68.7,9.3,12.4,6597.0,0.6767,Medium
71.8,8.4,11.6,11027.0,0.6993,Medium
82.3,12.5,18.2,46909.0,0.9363,Very High
78.8,11.8,17.1,34491.0,0.8851,Very High
52.3,2.0,6.9,1449.0,0.3731,Low
73.6,10.3,14.7,4568.0,0.71,High
66.0,8.2,14.4,7762.0,0.6792,Medium
71.8,8.1,12.7,5973.0,0.6738,Medium
69.7,6.8,17.4,18120.0,0.7524,High
48.4,4.0,9.5,1265.0,0.4051,Low
75.2,7.8,16.1,10821.0,0.7517,High
59.6,3.8,9.8,3756.0,0.5095,Low
56.1,2.7,8.0,1950.0,0.427,Low
71.7,11.6,12.7,17396.0,0.7707,High
74.4,10.5,14.7,19511.0,0.7962,High
75.4,11.0,17.6,45647.0,0.877,Very High
65.8,7.3,11.2,7460.0,0.6338,Medium
80.6,10.1,15.1,53806.0,0.8743,Very High
72.4,7.1,13.3,10691.0,0.7021,High
76.1,8.0,14.6,15128.0,0.7607,High
72.4,10.5,15.8,50787.0,0.8431,Very High
63.7,7.1,9.5,4608.0,0.5795,Medium
62.5,6.6,12.4,1982.0,0.5504,Medium
75.4,7.0,13.5,8098.0,0.7015,High
81.5,13.2,15.2,40389.0,0.9039,Very High
67.9,9.7,14.6,5837.0,0.6916,Medium
68.3,8.3,12.6,5971.0,0.6597,Medium
69.5,10.8,15.1,23717.0,0.788,High
63.9,6.6,10.7,3743.0,0.5761,Medium
77.8,10.6,17.2,90227.0,0.9037,Very High
60.0,4.9,9.9,5811.0,0.5491,Low
73.4,7.7,15.6,18165.0,0.763,High
74.0,9.2,15.0,36673.0,0.8131,Very High
72.1,9.3,15.5,19684.0,0.7795,High
71.4,8.5,13.8,38670.0,0.7794,High
56.5,4.4,8.7,1594.0,0.4499,Low
78.4,8.4,14.7,41543.0,0.8257,Very High
47.6,2.3,5.4,348.0,0.2627,Low
65.7,8.2,12.5,4793.0,0.6347,Medium
68.6,9.0,16.6,9063.0,0.7293,High
64.8,6.2,13.5,13297.0,0.6668,Medium
61.1,6.2,9.4,3497.0,0.5419,Low
68.4,8.7,12.5,3320.0,0.631,Medium
70.5,9.9,15.2,15947.0,0.7652,High
72.7,11.9,14.4,12482.0,0.7785,High
73.7,9.2,13.9,12156.0,0.7452,High
74.8,9.1,13.1,21687.0,0.7697,High
76.2,9.0,15.1,10356.0,0.7577,High
72.7,9.6,14.9,5647.0,0.7128,High
56.8,5.4,6.2,837.0,0.4007,Low
56.8,4.7,10.9,1465.0,0.4728,Low
72.4,6.5,12.5,3192.0,0.6193,Medium
59.3,3.7,8.2,837.0,0.4083,Low
51.1,0.2,7.5,550.0,0.2977,Low
75.9,9.7,15.8,28910.0,0.8239,Very High
81.0,12.7,16.0,27604.0,0.884,Very High
60.1,5.6,7.6,2940.0,0.5008,Low
59.7,6.1,11.8,3638.0,0.561,Medium
52.0,7.0,11.1,3291.0,0.5197,Low
69.3,8.3,12.5,4807.0,0.6509,Medium
60.1,4.0,11.3,5332.0,0.5486,Low
61.3,5.0,10.7,1852.0,0.5062,Low
70.6,8.9,16.6,10421.0,0.7459,High
53.5,3.3,6.9,1794.0,0.4078,Low
58.3,8.0,10.2,5320.0,0.5786,Medium
51.7,3.8,6.9,1674.0,0.4046,Low
51.2,3.5,7.8,1199.0,0.391,Low
49.7,2.7,9.1,528.0,0.3402,Low
63.6,8.5,13.2,3328.0,0.6129,Medium
60.1,7.9,10.5,11567.0,0.6265,Medium
44.3,0.2,5.8,471.0,0.2455,Low
66.1,6.6,11.1,4528.0,0.5995,Medium
50.2,3.1,6.2,2388.0,0.3945,Low
76.2,12.0,17.0,28227.0,0.8634,Very High
75.2,9.5,14.5,15353.0,0.7742,High
74.3,10.2,14.0,10278.0,0.7514,High
65.8,9.1,13.6,7878.0,0.6815,Medium
66.7,5.6,12.8,11767.0,0.6545,Medium
73.3,10.4,15.5,40294.0,0.8321,Very High
60.3,5.9,11.0,3645.0,0.5525,Medium
64.5,7.8,11.6,9102.0,0.6484,Medium
59.0,4.8,6.6,1947.0,0.4514,Low
81.0,11.0,17.1,34783.0,0.8871,Very High
41.4,1.7,8.0,816.0,0.3078,Low
55.8,6.4,7.3,1798.0,0.4637,Low
58.0,4.9,11.2,490.0,0.4046,Low
82.5,12.2,16.3,86541.0,0.9376,Very High
64.0,6.5,13.0,6643.0,0.6284,Medium
53.7,6.0,7.6,954.0,0.4172,Low
70.7,6.6,13.1,9396.0,0.6775,Medium
78.8,11.5,13.8,55679.0,0.8715,Very High
64.1,6.7,14.5,5225.0,0.633,Medium
54.7,1.9,8.7,495.0,0.3405,Low
56.1,6.1,9.7,872.0,0.4412,Low
75.7,7.2,15.3,60740.0,0.8196,Very High
70.9,9.8,13.7,17785.0,0.7568,High
62.7,5.7,10.9,4006.0,0.5653,Medium
68.0,5.0,9.2,9332.0,0.597,Medium
74.2,8.5,13.1,7210.0,0.7043,High
75.1,9.1,12.9,18364.0,0.7624,High
65.3,9.8,14.0,4039.0,0.6529,Medium
66.9,13.4,11.7,10354.0,0.7307,High
55.5,5.0,7.0,2607.0,0.4607,Low
76.2,11.1,14.7,21506.0,0.8171,Very High
82.5,11.2,19.2,68975.0,0.9506,Very High
69.2,8.3,12.5,13858.0,0.7063,High
60.7,6.5,13.4,7045.0,0.619,Medium
54.8,3.4,9.0,908.0,0.4018,Low
66.7,4.5,10.6,4158.0,0.5634,Medium
72.2,9.0,13.7,17292.0,0.752,High
65.0,10.1,15.4,7041.0,0.6976,Medium
73.9,10.0,12.9,35464.0,0.7989,High
68.1,8.4,10.4,7368.0,0.6487,Medium
76.4,10.9,13.5,16357.0,0.7899,High
61.6,6.3,12.0,3240.0,0.5675,Medium
77.3,10.7,17.6,15933.0,0.8301,Very High
71.6,8.6,16.6,9542.0,0.7423,High
65.1,7.3,10.4,4984.0,0.6023,Medium
48.7,1.6,4.6,633.0,0.2812,Low
77.4,11.6,15.0,23188.0,0.836,Very High
62.2,7.5,10.8,4627.0,0.5911,Medium
69.3,4.9,13.4,2395.0,0.5803,Medium
59.8,5.4,17.0,8435.0,0.6439,Medium
50.9,2.4,5.8,1904.0,0.3713,Low
54.9,5.2,9.5,2031.0,0.4742,Low
77.4,10.0,16.2,25924.0,0.8343,Very High
80.9,11.9,17.3,56191.0,0.9223,Very High
51.2,3.6,9.5,783.0,0.3858,Low
67.6,8.9,11.6,15216.0,0.7009,High
64.0,7.4,12.1,5509.0,0.6202,Medium
76.3,9.6,16.6,11631.0,0.7864,High
61.4,6.8,11.2,2587.0,0.5521,Medium
75.5,9.6,15.5,15819.0,0.7882,High
76.7,9.2,16.0,28707.0,0.8241,Very High
79.3,7.3,15.8,8335.0,0.7467,High
82.7,11.3,18.0,19822.0,0.8784,Very High
59.3,4.1,10.8,2518.0,0.5039,Low
74.8,9.2,15.2,24106.0,0.798,High
52.2,2.4,8.6,541.0,0.3424,Low
76.5,9.5,15.1,12184.0,0.7746,High
75.7,12.1,13.9,6872.0,0.7554,High
66.2,8.4,13.1,5921.0,0.656,Medium
62.6,4.9,10.2,2427.0,0.5209,Low
63.0,5.0,7.7,3657.0,0.5151,Low
67.4,7.0,15.2,3655.0,0.638,Medium
52.1,1.6,8.7,1308.0,0.384,Low
56.8,3.0,10.0,1484.0,0.4439,Low
73.0,9.7,16.1,13032.0,0.7741,High
54.9,5.4,9.2,3424.0,0.4988,Low
58.5,6.8,10.9,9261.0,0.5976,Medium
69.5,9.5,15.8,9413.0,0.7332,High
63.2,6.4,10.7,4394.0,0.5787,Medium
56.6,2.8,7.0,1324.0,0.3983,Low
62.7,4.6,11.5,2498.0,0.5321,Low
67.2,5.9,13.1,3111.0,0.5956,Medium
72.8,11.0,17.6,25562.0,0.8357,Very High
79.1,14.5,15.5,37623.0,0.9064,Very High
69.9,7.8,14.2,13693.0,0.7197,High
48.0,1.5,4.3,1388.0,0.3072,Low
81.0,12.3,19.2,46997.0,0.9379,Very High
72.3,8.6,16.2,8482.0,0.735,High
67.9,7.4,12.7,4728.0,0.6365,Medium
62.0,6.3,11.2,5815.0,0.5913,Medium
69.0,8.2,13.3,12192.0,0.7059,High
56.4,4.1,8.2,1272.0,0.4281,Low
55.3,4.6,7.4,697.0,0.3852,Low
69.0,9.1,12.4,9363.0,0.6936,Medium
81.5,12.4,16.6,29693.0,0.8934,Very High
74.3,7.9,11.4,19273.0,0.7278,High
50.0,4.9,9.0,1186.0,0.4142,Low
49.4,2.8,6.4,400.0,0.2945,Low
55.6,3.6,11.0,1165.0,0.4427,Low
63.1,7.5,12.1,7857.0,0.6353,Medium
53.4,4.9,7.3,1744.0,0.4323,Low
71.7,11.0,16.7,14272.0,0.7911,High
59.6,4.4,10.2,2305.0,0.4995,Low
67.8,5.2,13.5,3051.0,0.5923,Medium
79.5,12.0,19.4,49484.0,0.9301,Very High
55.2,6.2,11.2,2631.0,0.5164,Low
58.4,7.7,9.1,4480.0,0.5567,Medium
61.0,5.4,13.1,3910.0,0.5751,Medium
63.2,6.1,11.4,2098.0,0.5408,Low
71.0,9.5,13.5,3306.0,0.6595,Medium
45.9,4.3,7.0,374.0,0.2993,Low
55.6,4.4,6.8,1135.0,0.4071,Low
65.3,3.5,12.0,2898.0,0.5419,Low
62.7,4.9,9.7,1635.0,0.4927,Low
72.0,8.8,18.4,19312.0,0.8006,Very High
74.5,13.4,15.8,47718.0,0.884,Very High
75.3,8.0,13.8,11239.0,0.7331,High
55.1,6.0,7.4,935.0,0.4199,Low
83.9,11.4,19.6,70824.0,0.966,Very High
72.3,7.2,11.6,7083.0,0.6633,Medium
63.9,8.3,13.5,6729.0,0.6537,Medium
60.9,7.0,13.9,7338.0,0.6325,Medium
73.3,9.2,16.0,14791.0,0.7746,High
75.9,10.1,15.1,12175.0,0.778,High
67.8,10.8,14.6,12025.0,0.7404,High
50.3,1.3,4.2,581.0,0.2701,Low
80.0,13.0,20.6,22102.0,0.9098,Very High
54.1,2.3,8.6,2851.0,0.4386,Low
64.7,6.1,11.4,11415.0,0.6359,Medium
72.2,9.3,13.5,9801.0,0.725,High
71.7,7.6,15.0,7646.0,0.7046,High
52.7,3.4,5.6,1016.0,0.3614,Low
76.8,10.1,13.3,25640.0,0.8028,Very High
63.3,6.0,12.4,13311.0,0.6448,Medium
63.1,9.1,13.4,5336.0,0.6457,Medium
60.7,5.1,11.2,2107.0,0.517,Low
70.3,10.6,14.9,10268.0,0.7467,High
76.2,12.1,16.3,37408.0,0.8719,Very High
58.5,7.2,9.8,3866.0,0.5506,Medium
68.5,5.8,13.8,2472.0,0.5927,Medium
71.6,7.7,13.4,19391.0,0.7361,High
57.9,5.3,6.5,648.0,0.3894,Low
70.0,10.4,14.6,8890.0,0.7317,High
81.6,10.7,15.8,59548.0,0.8996,Very High
65.8,6.0,11.0,5910.0,0.603,Medium
75.6,11.1,17.2,27885.0,0.8512,Very High
70.9,11.3,16.8,20434.0,0.8094,Very High
63.5,4.2,8.1,2866.0,0.4971,Low
54.1,4.6,6.2,866.0,0.382,Low
51.6,5.1,7.4,1078.0,0.4034,Low
79.9,10.7,16.6,27339.0,0.8611,Very High
73.8,10.6,15.4,20467.0,0.8039,Very High
61.1,6.5,11.3,5458.0,0.5872,Medium
58.4,7.1,10.5,2200.0,0.5262,Low
60.4,8.8,13.8,4914.0,0.628,Medium
76.6,12.5,18.3,43238.0,0.9045,Very High
66.7,6.2,14.6,3338.0,0.6159,Medium
85.7,13.6,19.9,142860.0,1.0,Very High
76.6,8.7,14.9,28155.0,0.8051,Very High
51.9,2.8,9.4,996.0,0.3924,Low
69.1,9.7,13.3,6743.0,0.6926,Medium
74.5,8.5,12.2,14535.0,0.7321,High
60.9,8.9,15.0,4647.0,0.639,Medium
63.7,8.5,12.3,6414.0,0.6414,Medium
52.5,2.8,7.0,396.0,0.3104,Low
63.8,4.9,9.2,3618.0,0.5346,Low
59.5,5.0,13.2,2795.0,0.5454,Low
63.2,5.5,9.6,2945.0,0.5345,Low
64.7,5.5,11.4,16291.0,0.6409,Medium
72.3,10.3,12.1,12232.0,0.7352,High
51.2,1.8,7.1,300.0,0.2737,Low
76.0,12.0,17.6,30759.0,0.8714,Very High
76.4,9.4,12.7,23748.0,0.7821,High
82.4,11.2,17.1,26298.0,0.8821,Very High
56.5,5.8,10.0,1477.0,0.4749,Low
78.5,9.2,15.1,39085.0,0.8381,Very High
64.0,9.9,11.3,12394.0,0.6823,Medium
63.6,5.6,11.6,2939.0,0.5582,Medium
59.1,5.1,8.0,619.0,0.4021,Low
55.4,2.8,10.3,2407.0,0.4638,Low
69.2,9.5,12.6,9321.0,0.7018,High
62.3,7.3,11.8,5844.0,0.6112,Medium
77.9,13.4,18.4,33944.0,0.9086,Very High
71.5,8.2,13.3,7062.0,0.6897,Medium
46.4,1.8,7.8,661.0,0.3177,Low
65.6,4.4,9.9,7445.0,0.5782,Medium
64.0,4.5,9.3,4233.0,0.5393,Low
60.7,7.0,11.8,2596.0,0.5574,Medium
65.2,6.9,10.2,11029.0,0.6332,Medium
54.0,2.1,7.0,1120.0,0.369,Low
76.4,7.3,11.9,13949.0,0.7188,High
64.3,8.6,14.7,11268.0,0.6962,Medium
58.2,6.4,8.6,5806.0,0.5459,Low
65.2,6.7,12.8,12470.0,0.6636,Medium
63.3,6.6,9.3,15162.0,0.6231,Medium
65.8,8.3,12.4,7368.0,0.6569,Medium
50.9,2.5,7.4,1222.0,0.373,Low
86.1,13.5,19.1,34622.0,0.9526,Very High
50.6,3.0,5.9,1362.0,0.3659,Low
58.0,3.0,8.8,2701.0,0.4646,Low
50.9,2.9,9.7,1747.0,0.4222,Low
56.7,6.5,11.1,2696.0,0.5284,Low
75.2,7.1,11.6,5307.0,0.6586,Medium
41.7,0.3,5.6,588.0,0.2456,Low
76.9,10.8,18.5,14240.0,0.8298,Very High
76.3,8.5,11.6,11987.0,0.7237,High
59.2,4.3,5.9,1265.0,0.4143,Low
53.4,4.0,7.1,585.0,0.3567,Low
65.8,7.5,13.4,5403.0,0.641,Medium
74.3,7.9,12.7,6066.0,0.683,Medium
61.5,6.0,11.2,1826.0,0.523,Low
54.9,4.2,10.4,1740.0,0.4631,Low
47.9,4.1,5.5,663.0,0.3285,Low
74.9,12.5,15.9,25856.0,0.8478,Very High
55.7,5.4,10.6,6377.0,0.5469,Low
64.5,9.7,14.4,9916.0,0.7002,High
50.3,2.7,6.0,652.0,0.3232,Low
59.6,6.5,7.7,3970.0,0.5262,Low
49.0,2.6,8.2,482.0,0.3217,Low
73.4,8.1,13.1,15713.0,0.7352,High
76.4,9.2,12.9,17310.0,0.765,High
64.1,3.9,14.4,4165.0,0.5872,Medium
69.2,9.6,14.7,18214.0,0.7564,High
67.9,6.7,12.7,8973.0,0.6598,Medium
72.7,10.5,14.4,8662.0,0.7422,High
68.9,11.5,14.5,18946.0,0.7761,High
49.1,1.8,6.3,931.0,0.3291,Low
61.5,4.6,9.7,4427.0,0.5367,Low
70.3,8.6,11.6,8684.0,0.6825,Medium
64.7,5.5,10.7,5005.0,0.5807,Medium
57.8,6.1,8.2,1496.0,0.4681,Low
75.1,7.9,14.4,10353.0,0.7329,High
58.4,6.4,9.2,1721.0,0.4916,Low
66.4,7.1,11.5,3018.0,0.5892,Medium
65.8,6.3,10.6,6444.0,0.6071,Medium
57.2,5.2,9.3,850.0,0.4308,Low
65.7,6.6,7.5,4087.0,0.5531,Medium
68.3,10.3,15.3,11262.0,0.7418,High
55.3,3.1,7.7,1904.0,0.4243,Low
66.6,7.7,12.7,12922.0,0.6854,Medium
66.1,7.2,8.0,3956.0,0.5669,Medium
55.6,1.6,7.6,989.0,0.3698,Low
46.5,3.6,5.6,960.0,0.3374,Low
59.4,3.9,8.3,1253.0,0.4375,Low
48.6,2.3,7.7,1630.0,0.3769,Low
88.0,13.7,15.6,122671.0,0.9624,Very High
69.6,8.6,15.4,50497.0,0.7993,High
63.7,4.8,11.8,3031.0,0.552,Medium
64.4,6.6,11.1,3897.0,0.5847,Medium
62.8,7.4,10.0,3626.0,0.5718,Medium
70.4,9.6,14.9,21632.0,0.7734,High
59.8,4.5,11.2,10018.0,0.5806,Medium
67.8,7.5,12.8,6052.0,0.6508,Medium
76.4,8.8,16.8,20657.0,0.8096,Very High
61.9,6.5,9.2,1398.0,0.4946,Low
53.4,2.0,7.1,2132.0,0.3972,Low
71.4,11.7,14.8,17810.0,0.7912,High
64.6,7.8,14.1,2526.0,0.6025,Medium
68.4,7.8,14.6,3498.0,0.6426,Medium
71.7,7.1,14.6,18457.0,0.7392,High
70.9,8.5,15.5,7806.0,0.7166,High
57.4,4.7,9.0,1861.0,0.4694,Low
55.2,3.2,7.3,465.0,0.3388,Low
75.3,11.1,14.6,27058.0,0.8231,Very High
62.7,8.5,12.3,7363.0,0.6444,Medium
48.3,1.3,4.4,495.0,0.2601,Low
68.5,8.4,14.8,6705.0,0.6889,Medium
53.4,4.8,6.6,1787.0,0.424,Low
57.9,5.5,10.3,2017.0,0.4982,Low
63.6,5.2,10.8,3605.0,0.5551,Medium
61.1,6.1,12.1,3786.0,0.5728,Medium
83.4,9.3,17.6,39195.0,0.8893,Very High
51.3,1.8,6.0,2364.0,0.3738,Low
68.1,6.6,15.5,10861.0,0.6982,Medium
65.0,7.0,10.1,2350.0,0.5534,Medium
54.1,5.9,9.9,1093.0,0.4469,Low
69.9,8.0,11.9,11895.0,0.6922,Medium
63.9,6.7,12.4,5066.0,0.6106,Medium
48.6,4.7,10.3,2007.0,0.4459,Low
73.1,8.4,13.9,6230.0,0.6975,Medium
67.3,6.9,11.7,4374.0,0.6139,Medium
75.4,11.4,18.5,41697.0,0.8863,Very High
68.1,7.8,13.7,8146.0,0.6811,Medium
64.2,7.6,14.0,12334.0,0.6818,Medium
56.1,5.7,12.1,3913.0,0.5446,Low
81.3,9.4,14.9,33351.0,0.8432,Very High
58.1,7.3,10.9,6176.0,0.5843,Medium
45.0,2.7,6.4,300.0,0.2578,Low
66.1,7.2,9.7,10237.0,0.6316,Medium
70.6,10.2,15.9,4202.0,0.7008,High
61.7,5.4,11.6,5494.0,0.5803,Medium
59.0,5.9,10.8,3075.0,0.5364,Low
64.2,7.7,14.1,7117.0,0.6566,Medium
45.5,1.2,7.5,1513.0,0.3422,Low
72.3,11.1,14.9,32384.0,0.8197,Very High
65.7,7.6,10.1,10041.0,0.64,Medium
76.2,13.2,16.9,42290.0,0.8963,Very High
71.7,8.2,14.2,14759.0,0.7368,High
61.3,6.4,12.0,5935.0,0.5984,Medium
55.4,4.2,9.5,2566.0,0.4759,Low
71.9,8.4,12.4,17744.0,0.7306,High
76.0,11.4,16.5,17041.0,0.8242,Very High
57.3,4.2,10.5,1193.0,0.4523,Low
60.3,2.4,11.0,813.0,0.4232,Low
74.3,10.6,15.2,45390.0,0.8421,Very High
67.5,9.3,13.8,8111.0,0.6952,Medium
68.8,6.0,10.5,4850.0,0.6004,Medium
59.5,5.8,14.8,2130.0,0.5539,Medium
72.9,10.3,16.1,25204.0,0.8122,Very High
58.9,6.3,10.0,1587.0,0.4957,Low
69.2,5.6,10.5,3407.0,0.5773,Medium
54.5,5.2,9.8,3015.0,0.496,Low
59.4,4.4,9.7,1765.0,0.4773,Low
63.2,6.7,8.9,4122.0,0.56,Medium
80.6,9.8,20.8,44907.0,0.9196,Very High
76.6,8.0,13.8,6300.0,0.7081,High
72.2,8.7,16.4,28380.0,0.7993,High
56.3,4.5,11.1,2229.0,0.4935,Low
72.0,7.8,13.7,8655.0,0.702,High
69.2,7.4,14.3,7487.0,0.6827,Medium
68.7,6.8,10.2,4323.0,0.6017,Medium
79.7,11.5,14.6,22774.0,0.8408,Very High
77.5,10.0,19.7,39442.0,0.89,Very High
68.3,6.8,9.9,1560.0,0.5366,Low
68.2,10.1,14.2,10704.0,0.7255,High
77.6,11.3,14.7,23613.0,0.8319,Very High
76.9,13.2,16.7,125166.0,0.9252,Very High
74.2,8.2,13.4,46001.0,0.7922,High
73.5,11.3,17.5,25638.0,0.8414,Very High
65.5,7.3,14.2,6486.0,0.6552,Medium
73.8,8.6,15.1,15057.0,0.7625,High
65.5,5.3,8.0,1424.0,0.4814,Low
74.0,7.8,13.7,7581.0,0.7035,High
57.1,3.9,10.3,1561.0,0.462,Low
78.0,7.1,15.6,21086.0,0.7858,High
55.2,5.8,12.5,937.0,0.4622,Low
75.1,6.0,9.8,7866.0,0.6419,Medium
61.1,5.6,10.6,2518.0,0.529,Low
61.1,4.0,13.7,2910.0,0.5489,Low
80.4,10.6,16.6,31598.0,0.8697,Very High
73.0,10.2,15.0,18226.0,0.7862,High
53.6,4.4,9.8,864.0,0.4129,Low
68.6,8.9,11.2,31571.0,0.7336,High
72.4,10.9,15.4,9813.0,0.762,High
71.8,7.6,11.9,8438.0,0.6788,Medium
71.5,11.7,18.8,29726.0,0.8532,Very High
70.7,6.2,12.3,9448.0,0.6643,Medium
59.9,3.9,9.0,3885.0,0.505,Low
61.4,5.1,11.2,1132.0,0.482,Low
70.7,8.0,13.8,5195.0,0.6712,Medium
75.9,8.4,16.2,16598.0,0.7849,High
62.4,5.9,13.9,4888.0,0.6067,Medium
61.4,7.5,9.8,6236.0,0.5922,Medium
59.6,4.1,11.8,1471.0,0.4858,Low
59.1,3.8,13.9,2414.0,0.5295,Low
59.8,4.4,10.3,3361.0,0.5205,Low
59.9,8.4,9.7,10384.0,0.6183,Medium
53.7,5.1,7.8,2362.0,0.4574,Low
83.5,10.3,16.1,26040.0,0.866,Very High
80.4,12.5,19.9,74675.0,0.9657,Very High
65.3,5.6,8.7,1943.0,0.5115,Low
70.8,9.8,13.9,15206.0,0.75,High
55.1,3.2,7.9,902.0,0.3875,Low
62.2,3.9,10.0,2900.0,0.5125,Low
45.7,3.0,8.7,806.0,0.3492,Low
60.7,3.7,13.0,2398.0,0.5258,Low
65.5,8.4,14.2,13338.0,0.7044,High
57.7,6.1,12.0,2855.0,0.5399,Low
66.0,7.8,12.5,5829.0,0.6409,Medium
78.2,10.1,15.0,15477.0,0.8016,Very High
71.4,7.0,15.1,8813.0,0.7042,High
54.9,4.2,11.3,1065.0,0.4437,Low
77.0,8.1,15.0,8818.0,0.7416,High
63.9,5.3,9.9,5434.0,0.5691,Medium
79.0,13.0,17.2,11909.0,0.8427,Very High
66.5,5.9,11.6,2783.0,0.5704,Medium
56.8,5.4,8.1,1203.0,0.4411,Low
64.3,6.6,12.3,3805.0,0.5953,Medium
73.0,8.0,13.2,5179.0,0.6756,Medium
81.1,10.6,15.0,16294.0,0.8235,Very High
54.2,4.9,8.7,5672.0,0.5075,Low
53.8,5.4,9.2,1898.0,0.4654,Low
49.6,4.7,6.5,1118.0,0.3834,Low
51.8,2.8,6.7,378.0,0.3014,Low
69.8,10.4,12.9,11349.0,0.728,High
59.5,6.6,8.8,3667.0,0.5366,Low
67.9,7.1,14.6,8453.0,0.6813,Medium
72.6,9.2,15.0,6716.0,0.7196,High
60.0,6.7,9.7,2827.0,0.5342,Low
75.3,12.0,18.9,31941.0,0.8815,Very High
49.1,5.0,3.0,1044.0,0.3406,Low
70.4,8.1,12.0,8542.0,0.6801,Medium
73.2,10.5,14.3,13057.0,0.7665,High
65.9,5.4,8.9,5355.0,0.5663,Medium
59.4,4.3,13.5,1514.0,0.5052,Low
81.2,9.0,20.1,15839.0,0.8519,Very High
54.7,4.7,7.7,1542.0,0.4337,Low
74.2,8.8,14.3,13407.0,0.7524,High
58.7,5.6,10.2,4407.0,0.5432,Low
65.5,5.8,12.9,1585.0,0.5444,Low
53.6,5.7,8.6,1292.0,0.4398,Low
79.0,14.5,18.0,135325.0,0.9632,Very High
56.3,3.6,11.3,1379.0,0.4589,Low
64.9,1.8,11.2,4599.0,0.5305,Low
69.8,9.0,14.1,17943.0,0.747,High
62.3,8.2,10.5,9533.0,0.6327,Medium
63.6,3.5,9.0,2175.0,0.486,Low
59.2,6.2,7.1,2016.0,0.4798,Low
65.6,7.0,13.6,4080.0,0.622,Medium
56.6,5.4,10.0,3451.0,0.5173,Low
73.0,7.9,14.7,5596.0,0.6927,Medium
73.7,7.5,13.9,10196.0,0.7152,High
70.5,6.6,11.4,18567.0,0.6908,Medium
64.3,8.0,12.7,8018.0,0.6541,Medium
59.2,5.4,11.9,6187.0,0.5767,Medium
51.7,6.9,10.3,2028.0,0.4856,Low
60.7,6.6,11.4,2726.0,0.5517,Medium
78.0,9.8,16.0,61633.0,0.8741,Very High
54.5,4.0,8.1,1506.0,0.4263,Low
60.0,6.0,8.8,1869.0,0.495,Low
69.0,7.0,10.1,4209.0,0.6019,Medium
68.5,9.4,15.1,5396.0,0.6908,Medium
74.3,9.7,15.8,104218.0,0.8595,Very High
64.0,6.5,9.9,4985.0,0.5823,Medium
65.4,4.1,10.8,3109.0,0.5415,Low
70.2,10.5,14.6,25022.0,0.7874,High
76.4,11.5,18.4,47780.0,0.8969,Very High
74.3,6.1,16.8,14792.0,0.7507,High
61.4,4.6,9.5,1563.0,0.4795,Low
49.3,2.8,7.4,1442.0,0.3789,Low
62.3,5.2,7.7,2187.0,0.4901,Low
75.8,8.3,12.9,11213.0,0.7304,High
72.9,7.6,9.8,3617.0,0.6145,Medium
63.4,8.8,13.8,11057.0,0.6855,Medium
59.4,5.1,12.2,1555.0,0.503,Low
80.0,10.3,16.7,52430.0,0.8905,Very High
80.6,10.8,17.3,27401.0,0.8738,Very High
63.3,6.3,9.9,5158.0,0.5777,Medium
51.3,3.4,5.1,959.0,0.3477,Low
84.4,11.9,18.7,68792.0,0.9634,Very High
82.9,13.1,19.2,78966.0,0.9793,Very High
80.0,12.6,19.2,25893.0,0.9041,Very High
58.3,4.2,13.6,1309.0,0.4909,Low
60.8,7.2,11.2,5584.0,0.595,Medium
58.8,5.1,9.8,1771.0,0.4862,Low
82.8,9.8,16.3,11015.0,0.8112,Very High
74.1,9.6,13.3,5315.0,0.7003,High
62.9,6.4,11.3,3586.0,0.5727,Medium
56.4,2.1,7.7,375.0,0.3168,Low
66.9,6.7,13.2,12938.0,0.6785,Medium
76.7,11.0,18.0,15970.0,0.834,Very High
74.9,11.3,16.4,28624.0,0.8443,Very High
65.2,7.8,13.4,2006.0,0.5837,Medium
77.7,10.6,13.9,50180.0,0.8515,Very High
62.2,4.2,4.6,823.0,0.3803,Low
60.4,6.4,9.9,2546.0,0.5299,Low
75.4,8.8,12.7,20755.0,0.7634,High
76.6,9.6,13.3,11356.0,0.7546,High
58.5,4.3,11.6,2363.0,0.5087,Low
54.8,1.6,6.1,1721.0,0.3699,Low
76.5,8.0,15.1,5888.0,0.7167,High
72.2,9.2,17.7,10410.0,0.7664,High
70.5,5.5,12.3,12526.0,0.6665,Medium
43.8,1.9,6.4,969.0,0.3115,Low
81.7,13.2,20.0,33471.0,0.9406,Very High
67.8,9.2,12.1,17736.0,0.7179,High
66.5,7.5,13.8,11340.0,0.6873,Medium
73.1,9.6,16.8,33793.0,0.8274,Very High
70.9,9.6,16.3,34599.0,0.8112,Very High
76.2,10.2,15.8,13335.0,0.7929,High
61.6,6.1,8.2,1898.0,0.4962,Low
74.8,13.2,15.3,34146.0,0.8632,Very High
71.4,6.2,14.3,8109.0,0.6821,Medium
63.1,4.7,9.4,3324.0,0.5267,Low
68.7,3.7,12.5,1176.0,0.5079,Low
73.8,8.7,16.4,12150.0,0.7644,High
66.8,6.1,9.9,4087.0,0.5783,Medium
72.1,9.2,15.2,4101.0,0.6896,Medium
67.3,8.5,15.9,9001.0,0.7098,High
61.5,5.8,8.6,1371.0,0.4785,Low
80.6,8.6,18.0,21033.0,0.8395,Very High
81.5,11.8,18.4,38170.0,0.9158,Very High
67.4,4.5,12.9,1785.0,0.5451,Low
78.7,10.6,12.6,4398.0,0.7136,High
70.7,8.2,16.8,14514.0,0.7569,High
72.7,7.6,13.6,10497.0,0.7106,High
83.7,12.1,19.6,52869.0,0.958,Very High
70.2,8.7,13.6,10478.0,0.7124,High
53.0,3.2,7.3,300.0,0.2961,Low
77.6,12.2,14.8,21912.0,0.8393,Very High
54.2,3.7,6.2,1172.0,0.3859,Low
64.8,6.8,12.6,14174.0,0.6678,Medium
63.5,6.9,10.4,2329.0,0.549,Low
57.4,6.0,9.3,3670.0,0.5232,Low
55.3,5.3,10.7,2481.0,0.5003,Low
68.5,8.6,10.5,4050.0,0.6224,Medium
86.0,10.8,19.1,28110.0,0.9118,Very High
73.1,9.7,15.3,26934.0,0.8024,Very High
50.0,1.0,9.0,1705.0,0.3821,Low
68.6,8.0,12.0,3161.0,0.6167,Medium
64.6,6.3,12.7,6054.0,0.6207,Medium
54.4,4.6,5.5,562.0,0.3485,Low
55.0,3.9,11.0,1807.0,0.4681,Low
81.8,12.4,18.3,38916.0,0.9243,Very High
85.8,12.0,17.1,74598.0,0.9565,Very High
62.6,5.4,10.8,4732.0,0.5683,Medium
62.6,6.7,11.5,2664.0,0.5611,Medium
62.8,9.2,13.1,5463.0,0.6435,Medium
65.4,8.5,12.2,4126.0,0.6253,Medium
59.7,7.0,13.4,3416.0,0.5826,Medium
68.5,5.6,10.5,4840.0,0.594,Medium
61.5,4.1,11.7,2666.0,0.5263,Low
59.5,6.4,9.6,4703.0,0.5539,Medium
72.3,7.3,15.5,8311.0,0.7126,High
55.8,4.7,10.8,1659.0,0.4744,Low
55.0,2.6,7.0,2527.0,0.419,Low
78.0,11.1,15.8,10432.0,0.7969,High
64.9,8.7,15.1,9459.0,0.6949,Medium
50.9,2.9,8.7,1046.0,0.385,Low
74.1,11.5,16.2,12726.0,0.7972,High
73.9,11.5,15.6,25320.0,0.8273,Very High
42.9,2.4,5.1,364.0,0.2488,Low
61.9,5.9,10.0,5858.0,0.5737,Medium
55.1,2.8,8.4,624.0,0.3643,Low
54.1,7.1,12.3,15794.0,0.6145,Medium
69.9,7.7,14.7,37299.0,0.7693,High
59.7,6.6,12.8,4657.0,0.589,Medium
58.9,5.1,9.4,2646.0,0.5035,Low
78.6,11.4,15.7,18997.0,0.835,Very High
69.3,7.6,13.7,8581.0,0.6872,Medium
59.0,8.6,11.0,1699.0,0.5342,Low
71.3,9.9,12.4,14961.0,0.7388,High
72.5,10.1,17.1,15925.0,0.7949,High
54.5,4.1,6.1,1255.0,0.3954,Low
76.8,9.8,18.2,23698.0,0.8429,Very High
69.8,7.9,13.0,7012.0,0.6744,Medium
48.1,0.7,5.3,300.0,0.2303,Low
58.6,3.1,6.5,1969.0,0.4239,Low
73.0,9.8,15.5,7680.0,0.7391,High
73.8,9.4,15.0,15974.0,0.7733,High
76.4,10.6,16.3,64873.0,0.8812,Very High
61.8,5.6,10.2,1474.0,0.4967,Low
80.6,10.4,18.2,35301.0,0.8894,Very High
78.8,13.5,18.6,28629.0,0.9068,Very High
75.9,10.0,15.9,10539.0,0.7775,High
77.0,10.0,17.9,15637.0,0.8226,Very High
55.6,1.5,6.4,2080.0,0.3849,Low
70.2,11.9,14.8,51646.0,0.8383,Very High
64.9,8.0,12.5,3123.0,0.6046,Medium
63.5,7.2,13.2,7248.0,0.6408,Medium
65.2,6.0,13.4,4296.0,0.6086,Medium
53.0,4.9,5.3,656.0,0.355,Low
51.8,3.9,7.1,614.0,0.3525,Low
79.3,10.4,16.6,96013.0,0.9026,Very High
50.7,2.6,4.3,1450.0,0.3403,Low
72.1,10.5,16.0,14890.0,0.7839,High
72.7,9.0,14.4,16015.0,0.7575,High
55.4,0.7,8.1,1714.0,0.3872,Low
77.4,9.0,13.2,18542.0,0.775,High
62.2,6.2,9.9,1993.0,0.5211,Low
58.2,3.8,7.3,1978.0,0.4439,Low
64.7,9.2,11.5,4458.0,0.6269,Medium
64.3,7.4,10.8,5533.0,0.6095,Medium
67.1,7.5,11.5,16014.0,0.6815,Medium
71.9,7.6,13.8,10520.0,0.7099,High
63.4,7.8,14.5,5628.0,0.6455,Medium
62.3,6.8,12.7,4112.0,0.5963,Medium
64.1,6.6,10.7,5366.0,0.5948,Medium
49.5,3.2,4.7,558.0,0.3033,Low
74.6,9.2,14.4,13733.0,0.7609,High
73.7,8.6,16.1,13271.0,0.766,High
75.6,8.2,11.1,5301.0,0.6677,Medium
61.9,4.6,10.0,1851.0,0.4962,Low
68.9,7.5,12.3,2632.0,0.6029,Medium
75.7,11.1,18.8,27688.0,0.8662,Very High
69.5,7.0,13.8,3824.0,0.6371,Medium
71.5,9.3,11.2,12501.0,0.7106,High
72.1,11.2,16.6,10524.0,0.7774,High
72.5,7.7,11.1,11924.0,0.691,Medium
64.6,8.6,12.7,1709.0,0.5726,Medium
73.1,10.6,16.4,30919.0,0.8305,Very High
64.4,7.3,16.2,5791.0,0.6623,Medium
72.9,10.0,16.3,18488.0,0.7959,High
69.0,9.3,13.3,19131.0,0.7417,High
46.7,1.3,6.2,1612.0,0.3336,Low
70.8,9.6,17.4,10214.0,0.7601,High
74.7,9.5,16.8,16064.0,0.7968,High
51.9,1.8,6.2,463.0,0.2976,Low
52.7,2.4,8.7,1793.0,0.4135,Low
51.7,3.9,10.1,855.0,0.402,Low
69.9,10.0,13.6,3836.0,0.6701,Medium
63.4,4.6,9.9,2815.0,0.5243,Low
57.2,3.8,8.0,1329.0,0.4272,Low
62.0,4.8,8.4,6348.0,0.5423,Low
71.5,11.5,16.5,12469.0,0.7863,High
56.7,2.3,8.3,933.0,0.3888,Low
53.5,5.8,8.9,1390.0,0.4493,Low
71.3,8.7,15.5,14091.0,0.7515,High
74.3,9.3,15.3,19012.0,0.787,High
69.6,8.7,16.0,22137.0,0.7693,High
81.8,11.2,16.8,60316.0,0.9172,Very High
53.7,1.8,6.7,404.0,0.2993,Low
72.1,7.6,12.3,14798.0,0.7107,High
55.8,0.2,7.4,420.0,0.2938,Low
66.7,5.1,12.3,7059.0,0.6178,Medium
76.6,10.9,16.6,59270.0,0.8845,Very High
48.4,5.0,6.4,792.0,0.3607,Low
76.5,14.0,16.7,13746.0,0.844,Very High
82.1,12.8,17.9,24319.0,0.901,Very High
49.6,3.0,9.1,1045.0,0.3843,Low
66.4,5.2,13.3,13437.0,0.6595,Medium
66.5,8.1,12.9,3748.0,0.6265,Medium
84.6,10.7,15.6,44287.0,0.897,Very High
64.5,5.1,12.6,5911.0,0.6032,Medium
47.9,3.4,4.6,989.0,0.3297,Low
73.3,9.6,16.2,11434.0,0.768,High
80.7,10.1,16.8,30228.0,0.865,Very High
79.4,9.4,14.8,60174.0,0.8629,Very High
56.8,5.2,9.4,4844.0,0.5241,Low
62.9,6.1,8.3,7323.0,0.5705,Medium
74.6,11.8,17.2,40277.0,0.8722,Very High
51.6,1.1,7.8,1082.0,0.3528,Low
72.5,8.2,11.6,20997.0,0.7297,High
58.5,7.1,11.8,2449.0,0.5449,Low
56.9,4.1,9.2,858.0,0.4169,Low
64.7,4.7,12.4,4899.0,0.5872,Medium
54.5,2.3,7.7,2426.0,0.4204,Low
79.4,11.2,18.6,46054.0,0.91,Very High
54.1,5.8,10.7,3994.0,0.5229,Low
59.9,6.5,8.6,4245.0,0.5401,Low
52.8,4.6,5.8,1285.0,0.3934,Low
63.9,6.3,12.4,5300.0,0.6077,Medium
54.4,4.8,6.8,964.0,0.398,Low
55.0,2.9,9.3,684.0,0.3822,Low
58.5,5.0,7.4,2015.0,0.4641,Low
46.4,1.9,7.8,605.0,0.3141,Low
51.1,3.7,7.0,1097.0,0.3812,Low
71.7,8.2,14.6,11581.0,0.7288,High
61.1,6.8,11.6,3106.0,0.5643,Medium
54.8,4.0,8.8,1356.0,0.4313,Low
69.7,3.9,14.1,8989.0,0.6477,Medium
74.7,9.5,15.9,43839.0,0.8372,Very High
68.6,6.5,14.1,7114.0,0.6645,Medium
75.3,9.8,13.3,43473.0,0.8164,Very High
55.0,2.6,12.0,2384.0,0.4763,Low
65.4,9.4,12.1,6249.0,0.6568,Medium
68.9,8.2,16.6,3743.0,0.6707,Medium
57.6,4.7,8.9,6095.0,0.525,Low
79.6,11.5,14.7,20375.0,0.8352,Very High
78.2,11.5,17.6,40191.0,0.8912,Very High
50.1,2.8,8.0,385.0,0.3099,Low
70.1,9.3,14.8,8820.0,0.7224,High
74.8,10.7,16.0,40300.0,0.8487,Very High
57.0,3.2,7.6,1844.0,0.43,Low
69.5,9.2,12.2,10588.0,0.7017,High
68.1,8.0,10.9,24397.0,0.7046,High
61.8,3.7,13.7,4211.0,0.5683,Medium
65.0,8.2,11.2,5613.0,0.6262,Medium
66.1,8.5,13.2,7327.0,0.6689,Medium
80.7,13.9,18.7,29865.0,0.9238,Very High
69.1,8.4,13.2,6861.0,0.6779,Medium
81.2,10.6,17.0,39402.0,0.8884,Very High
60.5,3.3,10.0,2985.0,0.4993,Low
68.7,8.9,11.6,8493.0,0.678,Medium
69.5,7.6,12.4,9012.0,0.6764,Medium
74.7,8.1,15.1,14746.0,0.7596,High
61.9,4.3,8.3,2712.0,0.4935,Low
81.3,13.0,18.8,131530.0,0.9654,Very High
69.3,8.5,13.2,5752.0,0.6714,Medium
65.8,6.8,9.4,2787.0,0.5571,Medium
57.0,4.2,7.9,576.0,0.3776,Low
52.8,3.1,10.4,1278.0,0.4236,Low
48.0,5.7,9.2,789.0,0.392,Low
52.9,3.1,8.4,863.0,0.3818,Low
76.8,11.0,14.6,10950.0,0.7817,High
64.0,7.1,11.5,1661.0,0.5427,Low
63.3,7.6,12.7,7536.0,0.6418,Medium
65.0,5.0,13.9,5847.0,0.6171,Medium
72.7,7.5,13.5,6488.0,0.6832,Medium
77.7,11.1,18.3,8078.0,0.8025,Very High
64.9,7.2,11.8,4833.0,0.6134,Medium
64.7,8.6,10.5,6984.0,0.6342,Medium
60.6,7.5,15.9,5145.0,0.6355,Medium
67.4,5.9,9.8,3267.0,0.5645,Medium
71.0,10.0,10.5,6975.0,0.6804,Medium
69.5,7.4,10.8,6353.0,0.6393,Medium
63.3,4.9,12.8,1114.0,0.5015,Low
51.6,7.2,12.1,1157.0,0.47,Low
73.8,10.2,15.5,14447.0,0.783,High
64.6,5.4,13.3,6141.0,0.6173,Medium
63.9,5.9,11.6,4308.0,0.5846,Medium
75.0,14.4,14.9,28044.0,0.8635,Very High
52.3,1.8,8.4,594.0,0.3402,Low
66.8,8.2,13.6,2954.0,0.6214,Medium
63.4,5.1,9.3,1652.0,0.4954,Low
71.8,8.9,15.2,19491.0,0.7699,High
72.3,8.3,13.7,7594.0,0.7014,High
65.8,9.3,11.6,2223.0,0.5929,Medium
79.3,10.1,15.0,31812.0,0.842,Very High
52.5,1.1,7.6,984.0,0.3489,Low
65.1,10.0,11.4,7398.0,0.6652,Medium
69.7,7.7,14.1,8057.0,0.6899,Medium
79.1,11.4,16.2,15287.0,0.8312,Very High
80.6,9.9,16.6,70255.0,0.9006,Very High
77.7,10.8,16.0,9768.0,0.7903,High
61.6,5.8,10.4,2669.0,0.5356,Low
59.3,3.7,9.2,1707.0,0.4617,Low
63.6,6.2,11.2,1865.0,0.5355,Low
55.4,2.4,8.6,3296.0,0.4506,Low
50.3,2.0,6.7,1207.0,0.3541,Low
77.1,11.8,13.9,11657.0,0.7902,High
74.1,9.3,15.7,11558.0,0.7641,High
62.8,6.6,14.1,17155.0,0.6785,Medium
64.8,6.2,10.7,2847.0,0.56,Medium
72.1,9.0,14.0,10307.0,0.7285,High
57.1,7.1,10.1,7165.0,0.5752,Medium
63.9,6.1,8.1,1384.0,0.4862,Low
60.7,4.3,12.7,7396.0,0.5872,Medium
78.2,9.6,16.7,16159.0,0.8137,Very High
59.4,3.3,10.1,2232.0,0.481,Low
74.0,9.0,15.3,12828.0,0.7617,High
62.6,8.2,12.1,4003.0,0.6065,Medium
74.4,11.9,16.9,43109.0,0.8724,Very High
57.2,2.4,9.2,4136.0,0.4774,Low
52.5,4.5,7.0,336.0,0.3165,Low
71.3,7.7,12.3,4314.0,0.6451,Medium
55.4,2.5,10.0,2601.0,0.4599,Low
61.7,4.8,11.1,1562.0,0.5003,Low
72.4,8.0,14.8,31937.0,0.7813,High
79.6,9.4,16.7,54722.0,0.8783,Very High
62.7,9.3,12.0,6084.0,0.64,Medium
63.3,6.5,9.7,4282.0,0.5679,Medium
68.3,5.5,11.4,7392.0,0.6235,Medium
79.2,9.8,15.6,13969.0,0.8019,Very High
59.8,5.2,10.0,2677.0,0.5153,Low
49.0,1.5,6.5,738.0,0.3136,Low
55.6,4.6,8.5,1005.0,0.4201,Low
53.3,4.2,4.8,3701.0,0.4243,Low
60.5,6.1,9.0,3498.0,0.5329,Low
71.1,9.1,16.8,8204.0,0.7384,High
77.2,9.7,17.1,24651.0,0.8365,Very High
54.3,3.2,4.9,937.0,0.3507,Low
64.9,8.4,9.5,5263.0,0.6086,Medium
76.7,11.0,16.9,18275.0,0.8308,Very High
59.7,6.0,8.5,1345.0,0.4718,Low
77.7,10.5,12.1,10242.0,0.7519,High
59.1,4.0,9.8,899.0,0.4331,Low
71.0,6.6,12.9,4619.0,0.6407,Medium
62.7,8.1,10.4,3914.0,0.5874,Medium
74.0,8.4,16.0,5921.0,0.7191,High
60.6,2.6,7.0,1354.0,0.4107,Low
77.8,10.6,14.5,11890.0,0.7855,High
69.8,7.6,12.2,12221.0,0.6913,Medium
66.7,9.4,11.7,23429.0,0.7229,High
60.0,6.9,11.4,3094.0,0.5585,Medium
64.0,6.4,12.9,12294.0,0.6543,Medium
76.6,9.0,13.9,13274.0,0.7608,High
69.5,8.6,15.4,6808.0,0.7036,High
64.4,8.4,9.5,9350.0,0.6339,Medium
58.4,4.3,9.9,3741.0,0.5128,Low
56.8,5.4,10.4,4149.0,0.531,Low
72.5,7.6,13.3,8796.0,0.698,Medium
62.1,6.9,11.5,1901.0,0.5405,Low
56.2,4.1,6.7,1026.0,0.3974,Low
72.6,7.7,15.6,39142.0,0.7962,High
71.1,10.6,14.3,5207.0,0.7055,High
61.6,6.2,11.2,4891.0,0.5796,Medium
47.1,2.4,6.8,972.0,0.3375,Low
83.0,12.3,19.3,85913.0,0.9717,Very High
65.9,6.8,14.1,3178.0,0.6103,Medium
71.0,10.0,15.7,7754.0,0.7344,High
62.5,7.8,10.8,2963.0,0.5715,Medium
57.0,5.1,10.4,1233.0,0.4622,Low
69.3,10.3,15.5,13319.0,0.7568,High
51.4,2.3,7.6,698.0,0.3446,Low
64.8,8.9,15.2,9547.0,0.6989,Medium
81.0,12.1,17.4,38326.0,0.9077,Very High
69.1,7.0,10.8,3869.0,0.6068,Medium
56.2,4.7,8.5,1533.0,0.4484,Low
54.0,5.0,6.2,1663.0,0.4219,Low
63.8,6.9,10.7,3334.0,0.5731,Medium
66.0,4.8,11.1,4376.0,0.5736,Medium
79.5,13.3,17.1,29057.0,0.8966,Very High
69.8,9.4,15.3,7428.0,0.7169,High
72.4,8.4,14.0,11444.0,0.7284,High
60.0,3.9,9.1,4414.0,0.5129,Low
60.4,7.9,11.2,5911.0,0.6041,Medium
76.9,9.4,11.4,11263.0,0.7326,High
49.0,2.8,7.1,353.0,0.2915,Low
51.5,3.0,6.3,570.0,0.3263,Low
46.6,3.6,6.5,423.0,0.2994,Low
60.2,6.8,10.2,2111.0,0.5258,Low
75.3,9.1,15.4,7053.0,0.7372,High
50.4,3.5,6.8,1641.0,0.3933,Low
52.3,4.4,8.5,4155.0,0.475,Low
58.0,8.3,9.4,3213.0,0.5487,Low
57.9,5.8,10.9,5119.0,0.5568,Medium
60.3,5.9,8.7,4589.0,0.5406,Low
54.6,5.0,9.2,1261.0,0.4418,Low
57.9,3.1,8.0,1108.0,0.4103,Low
78.8,13.1,16.1,25269.0,0.8744,Very High
51.5,2.7,8.4,943.0,0.3768,Low
67.8,10.1,13.1,11328.0,0.7173,High
74.3,10.2,16.5,23074.0,0.8182,Very High
76.8,12.8,16.7,35478.0,0.8835,Very High
55.5,3.2,9.6,827.0,0.402,Low
79.3,11.4,15.7,117134.0,0.9072,Very High
47.7,3.0,7.5,1177.0,0.3661,Low
59.0,3.8,10.9,2398.0,0.4985,Low
65.5,7.6,13.4,12036.0,0.6818,Medium
56.9,3.4,8.3,415.0,0.3471,Low
67.1,7.7,12.8,4867.0,0.6388,Medium
60.1,3.7,7.9,1589.0,0.4454,Low
83.9,11.4,15.2,38176.0,0.8916,Very High
64.8,6.5,12.7,5717.0,0.6212,Medium
76.2,10.6,14.2,17297.0,0.7951,High
84.1,12.2,16.2,88424.0,0.9455,Very High
69.2,7.7,14.0,10032.0,0.6984,Medium
84.1,11.2,17.2,51670.0,0.9249,Very High
75.3,9.7,15.0,18468.0,0.7913,High
69.5,9.2,12.3,6559.0,0.678,Medium
60.7,7.0,10.5,5725.0,0.5864,Medium
51.4,5.3,9.7,1035.0,0.423,Low
58.8,6.9,10.1,2192.0,0.5214,Low
55.3,6.3,8.2,2323.0,0.4839,Low
74.9,9.9,15.8,7135.0,0.7484,High
60.6,4.4,7.5,6475.0,0.519,Low
68.0,6.8,14.6,6493.0,0.6655,Medium
74.7,9.4,14.4,8561.0,0.7389,High
54.0,3.8,8.3,2156.0,0.4425,Low
69.0,6.3,13.4,6897.0,0.6544,Medium
62.3,3.1,11.5,7494.0,0.5637,Medium
68.0,9.3,15.6,16657.0,0.7512,High
48.8,3.3,7.6,685.0,0.3453,Low
85.1,13.7,21.0,40894.0,0.9685,Very High
74.8,8.2,14.5,6179.0,0.7089,High
82.1,12.9,20.5,72248.0,0.9827,Very High
72.9,9.4,16.2,30403.0,0.813,Very High
60.0,6.5,9.8,1799.0,0.5083,Low
69.0,8.5,13.9,16814.0,0.7306,High
74.1,11.7,13.1,16161.0,0.7836,High
78.1,9.0,11.8,23798.0,0.7743,High
68.7,8.2,11.2,7048.0,0.656,Medium
54.2,2.7,10.9,3261.0,0.4782,Low
74.4,9.4,15.2,18788.0,0.787,High
80.2,10.1,14.1,16097.0,0.8025,Very High
58.7,5.8,11.9,4363.0,0.5634,Medium
52.1,4.3,6.9,1169.0,0.3951,Low
71.4,9.6,17.4,17108.0,0.79,High
52.7,6.7,8.7,3541.0,0.5026,Low
59.3,6.4,12.0,9236.0,0.6086,Medium
72.4,9.2,14.8,13587.0,0.754,High
52.1,3.5,8.5,4244.0,0.4617,Low
55.0,4.3,8.8,687.0,0.3927,Low
46.5,0.7,7.1,1190.0,0.3219,Low
72.0,9.9,16.9,11208.0,0.7696,High
69.6,7.8,13.3,8292.0,0.6851,Medium
62.9,7.9,9.5,8232.0,0.6142,Medium
71.9,9.4,12.8,18597.0,0.749,High
61.5,6.5,12.6,6349.0,0.6097,Medium
63.6,6.3,12.5,5789.0,0.6122,Medium
65.1,4.1,10.1,3890.0,0.5433,Low
47.5,3.1,7.0,931.0,0.3481,Low
64.9,4.6,11.9,4893.0,0.5812,Medium
49.6,4.1,7.2,1607.0,0.4005,Low
56.4,3.4,6.6,1600.0,0.4123,Low
77.7,9.5,12.0,17601.0,0.7667,High
57.3,2.1,4.6,1358.0,0.3552,Low
64.2,4.5,10.1,2610.0,0.5253,Low
58.1,6.8,8.4,1886.0,0.4926,Low
69.7,8.0,14.7,6004.0,0.6829,Medium
57.1,3.5,6.6,2268.0,0.432,Low
70.8,8.8,12.6,8962.0,0.6992,Medium
53.4,2.7,6.3,2146.0,0.3978,Low
73.9,12.4,14.2,13729.0,0.7932,High
67.1,6.8,13.3,15642.0,0.6904,Medium
63.8,8.2,14.2,7313.0,0.6631,Medium
57.6,5.1,9.9,4762.0,0.5317,Low
53.7,4.7,8.8,2219.0,0.4609,Low
65.4,6.4,12.6,3716.0,0.5996,Medium
73.2,8.9,15.7,33838.0,0.8084,Very High
55.7,2.1,7.5,1421.0,0.3939,Low
76.9,7.7,15.9,21250.0,0.7912,High
74.7,9.6,17.5,12604.0,0.7913,High
57.4,6.0,8.5,2357.0,0.4933,Low
67.0,5.5,13.4,7899.0,0.6427,Medium
79.6,13.4,17.7,43366.0,0.9243,Very High
55.2,6.3,9.1,1168.0,0.4537,Low
71.0,7.1,15.4,4167.0,0.664,Medium
58.2,2.4,7.5,730.0,0.3707,Low
65.5,5.8,12.7,6935.0,0.6251,Medium
55.2,5.2,9.1,2936.0,0.4894,Low
71.9,7.7,12.9,13099.0,0.7119,High
78.2,10.2,17.2,18539.0,0.833,Very High
66.3,6.1,8.7,5304.0,0.5755,Medium
65.3,6.6,12.3,2980.0,0.5855,Medium
51.7,5.0,9.6,2951.0,0.4761,Low
80.4,10.9,15.9,22033.0,0.8477,Very High
86.1,11.3,17.9,88356.0,0.9556,Very High
66.0,8.9,11.4,6621.0,0.651,Medium
75.8,11.7,16.6,103233.0,0.901,Very High
73.5,9.9,15.0,15590.0,0.7766,High
47.7,1.6,9.8,610.0,0.3366,Low
48.6,4.8,8.9,808.0,0.3833,Low
61.3,6.8,8.8,7882.0,0.5832,Medium
71.3,9.9,14.8,16480.0,0.7666,High
45.3,1.7,7.5,955.0,0.328,Low
74.1,7.4,10.6,9609.0,0.6772,Medium
78.7,11.5,15.5,17267.0,0.8301,Very High
56.1,6.0,10.7,5018.0,0.546,Low
68.9,7.4,12.7,6376.0,0.6568,Medium
71.2,7.3,13.3,9199.0,0.691,Medium
72.0,9.5,13.2,12187.0,0.7352,High
57.7,6.6,8.7,3072.0,0.5171,Low
74.8,9.1,14.1,14204.0,0.7591,High
59.9,4.9,10.0,6258.0,0.5534,Medium
65.5,6.8,14.5,4812.0,0.6373,Medium
61.0,6.7,10.4,1967.0,0.5264,Low
54.2,5.9,9.8,1874.0,0.4785,Low
68.8,6.6,12.2,7769.0,0.6514,Medium
76.0,9.0,18.5,35538.0,0.8539,Very High
42.2,2.7,7.9,563.0,0.3024,Low
64.6,7.9,10.4,31792.0,0.6904,Medium
55.8,3.3,8.1,1138.0,0.4077,Low
46.4,2.3,5.3,867.0,0.3098,Low
53.5,2.8,9.1,849.0,0.3874,Low
79.8,10.3,18.8,15163.0,0.8445,Very High
58.8,8.5,9.6,2709.0,0.5471,Low
58.7,4.1,8.8,5843.0,0.5187,Low
60.3,7.4,10.2,4692.0,0.5757,Medium
69.7,9.0,13.7,12495.0,0.724,High
62.5,5.5,12.8,3549.0,0.5752,Medium
55.8,6.0,10.0,2313.0,0.4986,Low
47.6,3.8,5.1,2168.0,0.3753,Low
53.4,3.6,9.6,1203.0,0.4206,Low
82.1,12.3,14.9,21133.0,0.8599,Very High
74.4,7.0,13.1,6085.0,0.6768,Medium
58.7,5.8,9.1,2041.0,0.4949,Low
72.1,8.4,17.3,14605.0,0.7708,High
69.9,9.0,14.5,4932.0,0.6826,Medium
52.8,6.8,10.5,2738.0,0.5076,Low
66.6,7.0,11.4,2279.0,0.5709,Medium
61.6,5.2,11.9,3362.0,0.5554,Medium
77.3,10.5,15.5,29575.0,0.8394,Very High
79.0,13.3,15.2,16411.0,0.8465,Very High
67.9,8.6,11.8,5842.0,0.6525,Medium
78.7,9.2,13.0,28384.0,0.8011,Very High
48.0,3.6,6.5,719.0,0.3379,Low
59.6,6.2,14.1,3313.0,0.5774,Medium
80.3,9.2,16.3,32766.0,0.8516,Very High
63.3,7.1,12.3,7310.0,0.6302,Medium
75.0,9.2,11.5,7016.0,0.6984,Medium
58.3,4.3,9.2,5951.0,0.526,Low
69.0,9.0,14.6,4875.0,0.6783,Medium
68.7,10.4,10.5,8237.0,0.683,Medium
67.9,11.0,13.6,10617.0,0.7283,High
59.0,4.2,9.3,618.0,0.4034,Low
50.6,1.9,7.7,524.0,0.3198,Low
63.5,4.0,7.8,1160.0,0.4426,Low
81.4,8.9,15.7,40800.0,0.857,Very High
50.8,2.2,7.2,2130.0,0.3906,Low
64.9,3.0,8.2,2507.0,0.4802,Low
60.9,5.5,9.6,1139.0,0.47,Low
73.6,9.0,15.1,7903.0,0.7315,High
60.2,7.8,11.9,8148.0,0.6237,Medium
68.6,9.5,11.9,21437.0,0.7314,High
49.4,1.1,8.8,526.0,0.3174,Low
55.0,4.7,7.4,1000.0,0.4076,Low
74.1,8.7,15.1,26615.0,0.7917,High
66.9,8.3,11.7,2218.0,0.5887,Medium
63.9,4.9,10.0,2706.0,0.53,Low
61.2,5.9,11.8,5538.0,0.5868,Medium
67.8,5.8,10.9,2008.0,0.5484,Low
58.6,4.6,13.9,5443.0,0.5786,Medium
49.1,3.3,7.3,3545.0,0.4223,Low
71.3,7.1,15.2,11301.0,0.7182,High
71.1,9.3,13.3,16128.0,0.7435,High
55.4,5.2,10.4,2053.0,0.4865,Low
65.2,5.7,10.0,4254.0,0.5684,Medium
70.6,5.5,11.2,6078.0,0.62,Medium
77.2,12.6,15.1,17496.0,0.8319,Very High
59.0,7.0,10.3,3936.0,0.5573,Medium
62.0,7.1,11.9,5271.0,0.6028,Medium
69.4,6.3,15.8,2736.0,0.627,Medium
67.2,7.8,15.8,2515.0,0.6273,Medium
67.8,7.7,11.0,3582.0,0.6063,Medium
67.6,8.8,14.1,3551.0,0.6468,Medium
58.6,5.7,8.2,3786.0,0.5151,Low
86.4,11.0,15.4,11050.0,0.8259,Very High
61.1,5.2,9.3,1110.0,0.4631,Low
79.8,12.2,18.5,91517.0,0.9467,Very High
56.6,4.5,11.0,2150.0,0.4909,Low
65.8,7.6,15.5,11946.0,0.7039,High
66.5,8.8,12.8,8227.0,0.6756,Medium
70.5,8.0,13.3,6248.0,0.6756,Medium
58.7,5.2,11.6,5218.0,0.5608,Medium
76.3,11.5,16.8,12257.0,0.8115,Very High
60.6,4.7,7.0,935.0,0.42,Low
67.3,8.2,13.1,10099.0,0.6864,Medium
57.1,6.1,10.2,745.0,0.4387,Low
60.1,5.4,9.9,2002.0,0.5031,Low
50.2,2.2,6.5,767.0,0.3317,Low
65.0,7.1,12.7,5989.0,0.6316,Medium
66.8,9.0,14.1,6835.0,0.6818,Medium
71.3,10.7,14.3,23304.0,0.788,High
75.9,10.0,13.1,27467.0,0.7984,High
51.3,2.0,10.8,1402.0,0.413,Low
80.3,11.6,16.5,21885.0,0.8608,Very High
79.4,10.8,17.9,39290.0,0.8901,Very High
75.8,11.0,16.1,32280.0,0.8475,Very High
58.0,3.2,10.3,1904.0,0.4667,Low
51.4,6.1,8.3,2251.0,0.4623,Low
72.0,10.1,16.1,5622.0,0.7253,High
58.6,3.9,7.3,1806.0,0.4427,Low
48.4,4.8,5.9,1731.0,0.393,Low
76.0,11.3,15.1,10803.0,0.7864,High
66.0,7.5,9.6,5456.0,0.6043,Medium
66.9,5.2,8.1,6598.0,0.5668,Medium
63.4,6.5,10.3,2188.0,0.5394,Low
80.6,11.4,14.9,59965.0,0.894,Very High
55.2,3.3,9.2,1877.0,0.4448,Low
60.2,3.6,13.3,7772.0,0.5843,Medium
62.6,6.1,9.4,8409.0,0.589,Medium
67.4,5.9,11.8,8600.0,0.6366,Medium
69.7,9.0,16.5,7910.0,0.7256,High
60.4,4.8,9.5,2308.0,0.5006,Low
45.5,0.2,7.2,300.0,0.2374,Low
62.7,6.2,14.3,2009.0,0.5651,Medium
64.5,5.9,8.5,6952.0,0.5742,Medium
49.8,0.9,4.4,418.0,0.2469,Low
59.9,6.7,12.3,5467.0,0.5938,Medium
54.7,0.9,10.6,1083.0,0.3958,Low
60.9,7.4,10.6,8773.0,0.6127,Medium
51.0,2.6,10.8,323.0,0.3193,Low
57.3,5.8,11.2,4457.0,0.5496,Low
66.2,8.7,9.7,8043.0,0.6401,Medium
77.4,11.0,19.8,26378.0,0.8802,Very High
67.8,8.5,12.7,14994.0,0.7083,High
74.0,9.5,15.8,8543.0,0.7499,High
63.2,9.6,8.0,5330.0,0.6007,Medium
69.1,8.1,11.5,2318.0,0.5957,Medium
59.6,6.1,10.3,4276.0,0.5538,Medium
54.5,5.4,5.2,998.0,0.3909,Low
62.5,7.3,11.0,4022.0,0.5855,Medium
61.0,6.3,12.0,1571.0,0.523,Low
66.8,7.8,12.7,16278.0,0.6979,Medium
81.3,10.4,15.6,67752.0,0.898,Very High
72.8,9.6,12.6,35300.0,0.7842,High
78.0,9.7,16.7,35874.0,0.8548,Very High
73.5,8.7,15.3,12197.0,0.7528,High
56.9,7.8,12.4,2968.0,0.5598,Medium
57.9,7.2,12.4,2110.0,0.5384,Low
49.2,2.8,8.6,3301.0,0.4282,Low
73.8,8.8,13.5,7811.0,0.7137,High
63.1,6.6,14.8,4358.0,0.6212,Medium
77.4,10.5,15.1,40413.0,0.8506,Very High
67.5,6.2,15.8,3297.0,0.6295,Medium
51.4,2.4,9.1,1082.0,0.3866,Low
73.7,8.7,15.0,25526.0,0.7873,High
45.3,0.2,6.9,836.0,0.2912,Low
65.9,9.7,14.1,20663.0,0.7415,High
59.9,4.7,7.9,2576.0,0.4844,Low
76.2,9.0,15.6,10357.0,0.7628,High
57.4,3.3,7.2,1561.0,0.4204,Low
58.1,3.0,9.8,3192.0,0.4847,Low
61.3,4.6,13.2,13502.0,0.625,Medium
52.5,3.6,7.6,648.0,0.3606,Low
67.5,5.2,13.9,5100.0,0.6239,Medium
62.5,6.2,10.7,1371.0,0.5072,Low
57.7,5.3,10.7,1410.0,0.479,Low
73.2,9.9,15.7,32720.0,0.8191,Very High
77.9,11.1,16.2,59898.0,0.8907,Very High
58.2,5.6,11.9,1191.0,0.4842,Low
53.8,4.2,8.7,790.0,0.3957,Low
60.7,5.4,6.7,1233.0,0.4433,Low
62.5,9.0,12.0,4249.0,0.6163,Medium
57.9,6.8,8.8,1972.0,0.4977,Low
61.3,8.4,11.7,3673.0,0.5931,Medium
73.1,9.7,16.3,33967.0,0.8233,Very High
74.5,9.1,10.4,3441.0,0.6428,Medium
66.6,7.0,9.0,3169.0,0.5653,Medium
55.4,3.9,7.8,3898.0,0.4711,Low
63.9,5.9,12.0,10637.0,0.6316,Medium
68.2,9.3,16.8,41546.0,0.8071,Very High
51.5,3.1,6.6,2140.0,0.4006,Low
52.0,2.4,7.6,1122.0,0.375,Low
55.6,4.8,8.7,1778.0,0.4575,Low
66.9,7.7,11.4,25642.0,0.7021,High
60.9,5.5,10.4,2160.0,0.5167,Low
77.5,11.3,16.6,53063.0,0.8888,Very High
63.7,6.1,10.1,1221.0,0.4979,Low
66.6,9.4,14.2,13518.0,0.7219,High
61.9,4.9,10.4,4446.0,0.5512,Medium
71.3,7.4,11.8,11598.0,0.6884,Medium
62.9,6.8,11.5,6047.0,0.6058,Medium
47.2,5.9,8.4,1440.0,0.417,Low
60.5,6.1,11.3,2548.0,0.5409,Low
67.4,8.9,15.2,6040.0,0.6876,Medium
53.6,4.4,10.1,3161.0,0.4861,Low
55.0,2.3,5.4,334.0,0.2811,Low
64.4,8.2,12.3,8717.0,0.6577,Medium
88.0,14.5,17.4,102903.0,0.9883,Very High
69.8,6.1,15.1,20930.0,0.7273,High
55.7,5.3,9.1,1161.0,0.4432,Low
72.4,10.3,14.5,5610.0,0.7157,High
75.0,11.2,17.2,31636.0,0.8552,Very High
72.3,7.5,14.7,7695.0,0.7036,High
71.4,7.4,12.6,7536.0,0.6748,Medium
50.9,4.1,8.4,410.0,0.3346,Low
61.3,5.6,9.9,4678.0,0.5546,Medium
73.1,9.2,14.2,22126.0,0.7764,High
67.6,7.0,15.7,3121.0,0.634,Medium
83.3,11.3,15.0,31681.0,0.8754,Very High
56.5,3.2,11.0,1542.0,0.4568,Low
67.7,6.4,12.7,7539.0,0.6471,Medium
58.1,4.7,8.6,3221.0,0.4956,Low
84.7,10.7,16.9,7318.0,0.8103,Very High
58.5,7.1,11.9,2661.0,0.5505,Medium
43.2,0.4,8.6,565.0,0.2872,Low
71.9,6.0,10.7,5959.0,0.6256,Medium
65.8,7.1,12.5,5837.0,0.6318,Medium
83.6,10.1,20.2,88489.0,0.9571,Very High
75.8,9.4,15.1,4741.0,0.7153,High
51.4,0.2,7.5,679.0,0.3112,Low
82.0,10.9,17.8,18602.0,0.8649,Very High
59.7,6.6,9.7,2434.0,0.5243,Low
54.2,4.7,5.4,1080.0,0.3869,Low
62.2,6.1,12.9,27626.0,0.6765,Medium
74.9,9.8,18.2,28571.0,0.8437,Very High
55.9,5.3,11.6,12067.0,0.5851,Medium
59.9,3.7,8.6,3386.0,0.4912,Low
59.5,4.7,10.5,2197.0,0.5035,Low
75.7,11.1,17.0,21931.0,0.8384,Very High
57.4,6.1,9.3,4077.0,0.5299,Low
78.1,9.8,16.5,27619.0,0.8408,Very High
76.1,9.9,13.7,16141.0,0.7782,High
78.4,12.0,14.9,49712.0,0.882,Very High
58.0,7.4,9.5,1143.0,0.4786,Low
56.9,7.9,13.2,3152.0,0.5707,Medium
75.5,8.7,13.6,54750.0,0.8156,Very High
49.5,2.6,6.8,1107.0,0.3558,Low
46.4,2.0,8.6,300.0,0.2741,Low
54.0,4.2,11.6,1898.0,0.4758,Low
72.6,8.1,13.2,8114.0,0.6991,Medium
79.9,12.5,18.2,37735.0,0.9134,Very High
66.5,9.0,11.6,38882.0,0.7372,High
82.5,12.3,17.6,100104.0,0.952,Very High
63.8,6.2,12.0,17596.0,0.6577,Medium
75.2,10.3,17.3,14506.0,0.8074,Very High
59.5,7.1,7.9,1987.0,0.5009,Low
77.4,9.3,13.4,20830.0,0.7857,High
78.6,9.5,16.8,21486.0,0.8304,Very High
64.0,4.3,10.4,3644.0,0.5414,Low
58.8,5.8,10.6,7316.0,0.5736,Medium
69.7,7.2,12.3,6705.0,0.6564,Medium
52.8,2.5,5.4,1554.0,0.3666,Low
64.0,7.4,10.3,3016.0,0.5704,Medium
74.8,9.4,16.9,14455.0,0.7917,High
81.1,13.2,18.6,49122.0,0.9443,Very High
61.3,4.7,10.5,2494.0,0.5168,Low
76.5,12.3,15.9,42706.0,0.8785,Very High
46.6,2.6,7.0,1235.0,0.3527,Low
80.7,11.6,18.1,36943.0,0.9049,Very High
64.1,3.4,11.7,3375.0,0.5412,Low
70.1,7.9,14.6,40118.0,0.776,High
53.1,4.1,8.8,2154.0,0.4473,Low
58.7,5.1,11.8,4709.0,0.5564,Medium
68.2,8.1,13.0,9975.0,0.6876,Medium
67.9,7.5,14.3,13314.0,0.7064,High
64.7,6.3,13.2,18349.0,0.6792,Medium
61.1,8.6,11.9,6928.0,0.6294,Medium
64.9,6.0,10.5,5976.0,0.5939,Medium
54.0,4.8,10.5,1881.0,0.4718,Low
53.9,4.2,7.1,908.0,0.3883,Low
80.3,10.5,21.0,64413.0,0.9454,Very High
68.4,6.0,12.5,3125.0,0.5965,Medium
52.6,3.3,5.8,1095.0,0.3653,Low
73.0,7.8,15.8,13387.0,0.7507,High
70.4,8.7,17.1,8561.0,0.7363,High
75.8,10.9,13.9,26187.0,0.815,Very High
52.9,3.9,7.2,1291.0,0.4005,Low
75.2,7.4,14.1,14785.0,0.7426,High
67.0,8.6,12.6,8634.0,0.6763,Medium
72.3,8.4,12.2,8967.0,0.6959,Medium
82.2,11.7,16.1,62695.0,0.92,Very High
80.1,14.5,17.6,19577.0,0.8952,Very High
49.1,3.5,8.2,861.0,0.3697,Low
69.2,8.1,12.6,26936.0,0.7341,High
56.0,7.7,11.4,2525.0,0.5375,Low
54.3,4.2,9.4,3791.0,0.4876,Low
53.5,3.5,6.9,4343.0,0.4486,Low
50.3,3.0,8.2,558.0,0.3413,Low
63.8,6.1,10.5,3316.0,0.5614,Medium
55.5,5.9,10.2,1085.0,0.4554,Low
80.6,12.1,17.0,11482.0,0.8361,Very High
65.5,9.3,16.7,8767.0,0.7155,High
78.3,13.0,16.3,58044.0,0.9145,Very High
63.3,9.3,12.0,6826.0,0.6497,Medium
53.8,4.5,10.0,570.0,0.3883,Low
72.6,10.0,15.5,9497.0,0.7527,High
69.0,5.8,12.9,11448.0,0.6675,Medium
68.9,8.6,12.5,13408.0,0.7073,High
59.5,7.0,9.7,3664.0,0.55,Low
73.5,8.3,14.4,12172.0,0.7397,High
61.7,3.6,6.3,889.0,0.397,Low
48.7,2.5,8.2,1509.0,0.3831,Low
55.0,2.4,3.3,1503.0,0.3353,Low
60.2,4.1,8.2,1610.0,0.4558,Low
60.2,5.3,9.3,2321.0,0.5032,Low
63.4,6.6,14.1,1697.0,0.5587,Medium
55.4,4.6,11.9,7111.0,0.5533,Medium
80.2,11.9,18.1,122157.0,0.9402,Very High
76.5,10.6,15.4,50300.0,0.8607,Very High
75.6,6.2,14.8,28664.0,0.7679,High
50.5,3.6,11.7,773.0,0.4013,Low
80.6,12.1,18.2,21591.0,0.8823,Very High
57.1,4.9,8.8,4203.0,0.5078,Low
49.9,4.4,5.1,1392.0,0.3746,Low
71.2,9.7,15.8,9672.0,0.7461,High
62.3,4.6,8.7,7067.0,0.5483,Low
62.7,9.1,12.3,6830.0,0.6465,Medium
74.5,10.7,16.4,9499.0,0.7764,High
53.1,2.9,8.1,2222.0,0.4252,Low
80.3,11.5,15.9,12490.0,0.8227,Very High
63.9,6.0,12.3,6713.0,0.6146,Medium
61.2,8.0,11.2,3373.0,0.5793,Medium
72.7,9.9,13.2,19837.0,0.7672,High
55.6,3.6,8.9,1568.0,0.437,Low
64.4,7.7,13.2,6474.0,0.646,Medium
54.1,3.2,7.2,657.0,0.3576,Low
54.1,5.0,7.3,1203.0,0.4178,Low
60.0,6.2,7.7,4009.0,0.5244,Low
68.9,7.1,14.0,6871.0,0.67,Medium
59.5,5.2,13.0,1521.0,0.511,Low
71.8,8.6,15.8,10455.0,0.7399,High
63.3,7.9,12.4,3561.0,0.603,Medium
68.3,8.3,12.7,1590.0,0.5801,Medium
57.0,0.2,4.9,557.0,0.2756,Low
61.6,4.6,11.7,4201.0,0.5574,Medium
58.0,4.8,7.9,3040.0,0.4844,Low
80.6,11.0,16.2,34874.0,0.8759,Very High
68.4,6.0,13.8,7774.0,0.658,Medium
72.1,9.2,15.5,12444.0,0.7548,High
61.3,5.9,12.6,14218.0,0.6378,Medium
74.7,7.7,14.1,6201.0,0.6987,Medium
81.3,12.8,15.9,29758.0,0.8902,Very High
70.2,7.9,13.8,22426.0,0.7424,High
72.4,9.4,16.5,15487.0,0.7802,High
66.1,7.4,12.0,5807.0,0.6321,Medium
71.4,11.9,15.9,31175.0,0.8311,Very High
79.7,10.7,15.7,49415.0,0.88,Very High
85.3,11.5,17.6,55310.0,0.9411,Very High
49.6,2.9,5.2,430.0,0.2886,Low
64.2,8.6,12.8,5812.0,0.6446,Medium
